city_id,business_date,is_weekend,scenario_event,demand_multiplier,temp_c_mean,temp_c_min,temp_c_max,humidity_mean,rainfall_mm_sum,rain_hours,weather_hours,weather
BJ,2025-12-01,0,NONE,1.0217,0.4167,-2.6,4.5,31.2083,0.0,0,24,CLEAR
BJ,2025-12-02,0,NONE,0.7971,-3.75,-6.8,0.2,22.5833,0.0,0,24,CLEAR
BJ,2025-12-03,0,NONE,0.7559,-2.6042,-7.3,3.8,30.625,0.0,0,24,CLEAR
BJ,2025-12-04,0,NONE,0.7232,-1.0875,-6.6,6.3,37.9583,0.0,0,24,CLEAR
BJ,2025-12-05,0,NONE,0.7847,-1.9875,-6.9,5.4,49.5417,0.0,0,24,CLEAR
BJ,2025-12-06,1,NONE,0.8431,0.2292,-5.3,10.1,59.7083,0.0,0,24,CLEAR
BJ,2025-12-07,1,LOCAL_EXPO,1.3053,2.6,-4.0,10.7,38.4167,0.0,0,24,CLEAR
BJ,2025-12-08,0,LOCAL_EXPO,1.3611,-0.825,-5.0,5.4,35.5417,0.0,0,24,CLEAR
BJ,2025-12-09,0,LOCAL_EXPO,1.4976,-1.3125,-6.3,6.6,46.25,0.0,0,24,CLEAR
BJ,2025-12-10,0,NONE,0.9489,-1.0875,-5.1,4.2,59.3333,0.0,0,24,CLEAR
BJ,2025-12-11,0,NONE,1.0338,-1.0625,-4.4,3.4,55.25,0.0,0,24,CLEAR
BJ,2025-12-12,0,NONE,1.0486,-3.8167,-5.1,-2.9,49.9583,1.5,13,24,SNOW
BJ,2025-12-13,1,NONE,1.1015,-3.0125,-6.5,2.1,64.375,0.3,3,24,CLEAR
BJ,2025-12-14,1,NONE,0.9589,-3.2667,-8.0,3.9,62.0,0.0,0,24,CLEAR
BJ,2025-12-15,0,NONE,0.9357,-2.4125,-6.5,3.3,71.3333,0.0,0,24,CLEAR
BJ,2025-12-16,0,NONE,1.0255,-0.3167,-4.6,5.4,54.0,0.0,0,24,CLEAR
BJ,2025-12-17,0,NONE,0.9976,-1.6042,-6.8,5.4,66.875,0.0,0,24,CLEAR
BJ,2025-12-18,0,NONE,0.9688,-2.2583,-5.7,1.3,87.7083,0.0,0,24,CLOUD
BJ,2025-12-19,0,NONE,0.9633,2.5542,-1.5,8.8,59.5833,0.0,0,24,CLOUD
BJ,2025-12-20,1,NONE,1.0279,0.5583,-3.6,3.6,22.4583,0.0,0,24,CLEAR
BJ,2025-12-21,1,NONE,0.9852,-2.7667,-7.4,3.0,37.5,0.0,0,24,CLEAR
BJ,2025-12-22,0,NONE,0.9119,-1.8458,-5.4,2.3,59.5417,0.0,0,24,CLEAR
BJ,2025-12-23,0,NONE,0.858,0.3792,-4.9,6.4,56.9583,1.0,4,24,CLEAR
BJ,2025-12-24,0,NONE,0.9097,-0.9958,-6.6,6.4,42.5417,0.0,0,24,CLEAR
BJ,2025-12-25,0,NONE,0.9514,-2.8542,-6.7,2.2,31.7917,0.0,0,24,CLEAR
BJ,2025-12-26,0,NONE,0.9492,-4.6083,-8.1,0.3,54.4583,0.0,0,24,CLEAR
BJ,2025-12-27,1,NONE,0.9535,-3.475,-8.6,5.0,58.8333,0.0,0,24,CLEAR
BJ,2025-12-28,1,NONE,0.7893,-2.6042,-7.9,4.5,68.0,0.0,0,24,CLEAR
BJ,2025-12-29,0,NONE,0.7993,-0.4458,-5.5,6.7,44.5833,0.0,0,24,CLEAR
BJ,2025-12-30,0,NONE,0.8848,-1.6292,-6.0,3.4,34.1667,0.0,0,24,CLEAR
BJ,2025-12-31,0,NONE,0.9328,-4.9625,-7.5,-0.5,31.0,0.0,0,24,CLEAR
BJ,2026-01-01,0,PUBLIC_HOLIDAY_NEW_YEAR,0.8079,-4.2958,-10.6,2.5,37.2917,0.0,0,24,CLEAR
BJ,2026-01-02,0,PUBLIC_HOLIDAY_NEW_YEAR,0.7687,-4.975,-11.6,1.4,41.2083,0.0,0,24,CLEAR
BJ,2026-01-03,1,PUBLIC_HOLIDAY_NEW_YEAR,0.8521,-2.4667,-7.5,5.9,45.125,0.0,0,24,CLEAR
BJ,2026-01-04,1,ADJUSTED_WORKDAY,0.8642,-1.1667,-5.3,6.1,46.5417,0.0,0,24,CLOUD
BJ,2026-01-05,0,NONE,0.938,-3.0167,-8.6,5.0,48.0833,0.0,0,24,CLEAR
BJ,2026-01-06,0,NONE,1.0136,-0.7125,-6.6,7.2,35.9583,0.0,0,24,CLEAR
BJ,2026-01-07,0,NONE,0.8922,-0.925,-5.9,4.7,36.0,0.0,0,24,CLOUD
BJ,2026-01-08,0,NONE,0.9327,-2.05,-7.4,5.3,49.75,0.0,0,24,CLEAR
BJ,2026-01-09,0,NONE,0.9628,0.0292,-5.5,6.0,48.875,0.0,0,24,CLEAR
BJ,2026-01-10,1,NONE,1.0074,-1.6,-5.3,0.7,23.9167,0.0,0,24,CLEAR
BJ,2026-01-11,1,NONE,1.0365,-5.1875,-9.4,-1.3,26.0,0.0,0,24,CLEAR
BJ,2026-01-12,0,NONE,0.993,-3.45,-10.9,5.9,36.875,0.0,0,24,CLEAR
BJ,2026-01-13,0,NONE,0.9803,-2.4167,-6.9,3.4,41.5833,0.0,0,24,CLEAR
BJ,2026-01-14,0,NONE,1.004,-3.4625,-7.2,0.4,63.5833,0.0,0,24,CLEAR
BJ,2026-01-15,0,NONE,1.1349,-0.9292,-7.6,8.1,68.9583,0.0,0,24,CLEAR
BJ,2026-01-16,0,NONE,1.0631,-1.7083,-5.4,3.4,52.1667,0.0,0,24,CLEAR
BJ,2026-01-17,1,NONE,1.0625,-5.7125,-7.5,-3.3,38.125,0.0,0,24,CLOUD
BJ,2026-01-18,1,NONE,1.0895,-6.1833,-8.0,-3.3,51.7917,0.3,3,24,CLOUD
BJ,2026-01-19,0,NONE,1.0173,-8.9458,-12.0,-6.3,22.8333,0.0,0,24,CLEAR
BJ,2026-01-20,0,NONE,1.027,-9.6583,-14.0,-3.4,28.75,0.0,0,24,CLEAR
BJ,2026-01-21,0,LOCAL_EXPO,1.3796,-8.3625,-14.6,-0.7,31.125,0.0,0,24,CLEAR
BJ,2026-01-22,0,LOCAL_EXPO,1.5075,-7.7042,-13.8,-0.4,37.375,0.0,0,24,CLEAR
BJ,2026-01-23,0,LOCAL_EXPO,1.2262,-5.4042,-11.7,2.8,37.3333,0.0,0,24,CLEAR
BJ,2026-01-24,1,NONE,0.8646,-4.175,-11.1,2.6,37.5417,0.0,0,24,CLEAR
BJ,2026-01-25,1,NONE,0.935,-3.5917,-8.6,-0.0,37.7917,0.0,0,24,CLOUD
BJ,2026-01-26,0,NONE,1.0558,-1.5458,-5.9,5.9,52.5833,0.0,0,24,CLEAR
BJ,2026-01-27,0,NONE,1.0077,-2.6917,-6.8,3.4,35.5,0.0,0,24,CLEAR
BJ,2026-01-28,0,NONE,0.9123,-3.4208,-7.1,1.0,52.0833,0.0,0,24,CLOUD
BJ,2026-01-29,0,NONE,1.0441,-3.4208,-7.4,1.1,59.0,0.0,0,24,CLOUD
BJ,2026-01-30,0,NONE,0.9684,-3.1125,-6.0,0.6,66.125,0.1,1,24,CLOUD
BJ,2026-01-31,1,NONE,0.937,-2.5458,-9.0,4.9,53.2083,0.0,0,24,CLEAR
BJ,2026-02-01,1,NONE,0.9374,-0.3833,-6.7,7.8,40.9583,0.0,0,24,CLEAR
BJ,2026-02-02,0,NONE,0.864,-0.7042,-5.8,6.7,40.0,0.0,0,24,CLEAR
BJ,2026-02-03,0,NONE,0.7708,0.025,-5.8,7.9,53.2083,0.0,0,24,CLEAR
BJ,2026-02-04,0,NONE,0.9147,2.4875,-4.8,12.4,55.4167,0.0,0,24,CLEAR
BJ,2026-02-05,0,NONE,0.9723,-0.4292,-5.4,2.4,30.8333,0.0,0,24,CLEAR
BJ,2026-02-06,0,NONE,1.0145,-6.6042,-8.5,-4.0,26.0833,0.0,0,24,CLEAR
BJ,2026-02-07,1,NONE,0.9702,-5.5167,-10.2,0.2,28.9167,0.0,0,24,CLEAR
BJ,2026-02-08,1,NONE,1.1062,-4.1792,-10.8,3.6,30.5,0.0,0,24,CLEAR
BJ,2026-02-09,0,NONE,1.0286,-1.4042,-7.2,3.9,46.0417,0.0,0,24,CLOUD
BJ,2026-02-10,0,NONE,1.1382,2.3708,-3.7,10.3,42.0833,0.0,0,24,CLEAR
BJ,2026-02-11,0,NONE,1.0391,1.2,-5.9,9.4,44.6667,0.0,0,24,CLEAR
BJ,2026-02-12,0,NONE,1.0771,2.7,-5.0,13.3,48.5,0.0,0,24,CLEAR
BJ,2026-02-13,0,NONE,1.1622,4.4167,-4.2,14.8,47.2917,0.0,0,24,CLEAR
BJ,2026-02-14,1,ADJUSTED_WORKDAY,1.0261,5.8542,-3.4,16.0,41.7917,0.0,0,24,CLEAR
BJ,2026-02-15,1,PUBLIC_HOLIDAY_SPRING_FESTIVAL,1.0235,1.6083,-2.7,5.9,19.4583,0.0,0,24,CLOUD
BJ,2026-02-16,0,PUBLIC_HOLIDAY_SPRING_FESTIVAL,1.1248,-0.1417,-5.8,7.5,28.25,0.0,0,24,CLEAR
BJ,2026-02-17,0,PUBLIC_HOLIDAY_SPRING_FESTIVAL,1.0244,1.7208,-6.5,12.3,31.7917,0.0,0,24,CLEAR
BJ,2026-02-18,0,PUBLIC_HOLIDAY_SPRING_FESTIVAL,0.9258,3.925,-2.5,12.0,32.75,0.0,0,24,CLEAR
BJ,2026-02-19,0,PUBLIC_HOLIDAY_SPRING_FESTIVAL,1.0051,3.6583,-6.2,15.3,49.875,0.0,0,24,CLEAR
BJ,2026-02-20,0,PUBLIC_HOLIDAY_SPRING_FESTIVAL,1.063,4.975,-3.6,15.9,51.2083,0.0,0,24,CLEAR
BJ,2026-02-21,1,PUBLIC_HOLIDAY_SPRING_FESTIVAL,1.0081,7.6958,-0.2,19.4,45.5833,0.0,0,24,CLEAR
BJ,2026-02-22,1,PUBLIC_HOLIDAY_SPRING_FESTIVAL,1.1185,2.4667,-1.4,6.3,22.125,0.0,0,24,CLEAR
BJ,2026-02-23,0,PUBLIC_HOLIDAY_SPRING_FESTIVAL,1.0644,-0.2708,-5.9,5.9,30.7917,0.0,0,24,CLOUD
BJ,2026-02-24,0,NONE,1.0404,1.3292,-5.5,8.1,44.75,0.0,0,24,CLEAR
BJ,2026-02-25,0,NONE,1.1522,4.0167,1.2,6.8,76.4583,0.1,1,24,CLOUD
BJ,2026-02-26,0,NONE,1.0999,5.3333,1.0,10.3,69.2917,0.7,5,24,CLOUD
BJ,2026-02-27,0,NONE,1.1875,1.9375,-0.2,5.2,77.3333,0.7,4,24,CLOUD
BJ,2026-02-28,1,ADJUSTED_WORKDAY,1.0778,0.7208,-0.2,1.1,68.75,0.5,3,24,CLOUD
BJ,2026-03-01,1,NONE,0.942,1.5,-1.5,4.5,66.625,0.1,1,24,CLOUD
BJ,2026-03-02,0,NONE,0.9708,2.3375,0.5,4.2,83.5833,2.6,14,24,CLOUD
BJ,2026-03-03,0,NONE,0.9494,4.5375,-0.5,10.7,61.4167,0.0,0,24,CLEAR
BJ,2026-03-04,0,NONE,0.9028,0.4542,-1.4,2.1,61.9583,2.9,14,24,SNOW
BJ,2026-03-05,0,NONE,0.8093,-0.9333,-3.2,1.4,82.9167,1.3,9,24,SNOW
BJ,2026-03-06,0,NONE,0.8274,-0.1833,-6.4,6.5,52.875,0.0,0,24,CLEAR
BJ,2026-03-07,1,LOCAL_EXPO,1.3294,1.15,-5.5,8.1,61.75,0.0,0,24,CLEAR
BJ,2026-03-08,1,LOCAL_EXPO,1.2557,4.9167,-1.6,13.1,51.5417,0.0,0,24,CLEAR
BJ,2026-03-09,0,LOCAL_EXPO,1.3391,4.575,-3.4,12.0,39.6667,0.0,0,24,CLEAR
BJ,2026-03-10,0,NONE,0.9005,4.1375,-1.8,11.4,57.8333,0.3,2,24,CLEAR
BJ,2026-03-11,0,NONE,0.9724,6.8792,0.5,14.8,45.8333,0.0,0,24,CLEAR
BJ,2026-03-12,0,NONE,0.9277,5.7042,-2.7,13.1,60.4167,0.0,0,24,CLOUD
BJ,2026-03-13,0,NONE,0.9856,4.1208,-0.4,7.2,64.8333,0.6,4,24,CLOUD
BJ,2026-03-14,1,NONE,1.0042,7.2667,2.3,10.6,54.125,0.0,0,24,CLOUD
BJ,2026-03-15,1,NONE,0.9263,6.4542,-1.2,15.0,61.4583,0.0,0,24,CLEAR
BJ,2026-03-16,0,NONE,0.9041,7.6125,1.0,14.0,51.2083,0.0,0,24,CLEAR
BJ,2026-03-17,0,NONE,0.8546,6.6458,0.3,12.0,66.2083,2.7,3,24,CLOUD
BJ,2026-03-18,0,NONE,0.8305,7.4125,2.2,13.0,26.9167,0.7,1,24,CLEAR
BJ,2026-03-19,0,NONE,0.8311,7.2708,-2.6,17.0,40.6667,0.0,0,24,CLEAR
BJ,2026-03-20,0,NONE,0.9293,7.2708,-0.4,14.5,36.5833,0.0,0,24,CLEAR
BJ,2026-03-21,1,NONE,0.9268,8.2125,0.5,15.2,46.0,0.1,1,24,CLEAR
BJ,2026-03-22,1,NONE,0.8896,13.5917,4.8,21.6,45.625,0.0,0,24,CLEAR
BJ,2026-03-23,0,NONE,1.0826,12.0042,6.6,17.9,46.5,0.0,0,24,CLOUD
BJ,2026-03-24,0,NONE,1.1442,11.6542,4.4,19.7,51.25,0.0,0,24,CLEAR
BJ,2026-03-25,0,NONE,1.161,14.5875,5.1,24.2,55.8333,0.0,0,24,CLEAR
BJ,2026-03-26,0,NONE,1.2014,15.9042,7.8,23.7,53.5,0.0,0,24,CLEAR
BJ,2026-03-27,0,NONE,1.171,14.7208,8.3,20.8,29.6667,0.0,0,24,CLEAR
BJ,2026-03-28,1,NONE,1.2071,13.425,4.4,20.9,44.7083,0.0,0,24,CLOUD
BJ,2026-03-29,1,NONE,1.1382,15.2125,11.1,22.2,56.2917,1.1,3,24,CLEAR
BJ,2026-03-30,0,NONE,1.1988,12.3458,6.9,17.5,50.1667,0.0,0,24,CLOUD
BJ,2026-03-31,0,NONE,1.0711,11.7958,7.7,17.8,52.6667,0.4,2,24,CLEAR
BJ,2026-04-01,0,NONE,0.9646,12.6,7.4,17.8,34.4583,0.0,0,24,CLEAR
BJ,2026-04-02,0,NONE,0.8946,11.9917,4.4,19.8,39.8333,0.0,0,24,CLOUD
BJ,2026-04-03,0,NONE,0.9087,15.725,10.0,23.3,42.8333,0.7,4,24,CLEAR
BJ,2026-04-04,1,PUBLIC_HOLIDAY_QINGMING,0.934,12.1292,4.4,17.9,35.7083,0.0,0,24,CLEAR
BJ,2026-04-05,1,PUBLIC_HOLIDAY_QINGMING,1.022,12.5958,5.5,18.8,29.9583,0.0,0,24,CLEAR
BJ,2026-04-06,0,PUBLIC_HOLIDAY_QINGMING,1.018,11.7208,3.6,17.8,19.5833,0.0,0,24,CLEAR
BJ,2026-04-07,0,NONE,1.1517,9.8125,2.6,15.8,21.2083,0.0,0,24,CLEAR
BJ,2026-04-08,0,NONE,1.2048,12.5583,2.4,21.5,42.7083,0.0,0,24,CLEAR
BJ,2026-04-09,0,NONE,1.0917,11.2542,10.0,14.0,87.5417,6.6,17,24,RAIN
BJ,2026-04-10,0,NONE,1.0113,16.9125,8.9,27.6,52.0,0.0,0,24,CLEAR
BJ,2026-04-11,1,NONE,1.0137,16.0625,8.3,23.9,31.9167,0.0,0,24,CLEAR
BJ,2026-04-12,1,NONE,1.1517,17.7,8.2,27.1,32.4583,0.0,0,24,CLEAR
BJ,2026-04-13,0,NONE,1.1452,16.7167,11.2,19.3,30.0,0.0,0,24,CLOUD
BJ,2026-04-14,0,NONE,1.003,14.075,8.7,20.0,50.9167,0.6,3,24,CLEAR
BJ,2026-04-15,0,NONE,0.8901,16.7667,8.8,24.8,57.0833,0.0,0,24,CLEAR
BJ,2026-04-16,0,NONE,0.9581,16.1292,13.3,21.0,73.7083,8.6,8,24,CLOUD
BJ,2026-04-17,0,NONE,0.8425,17.75,13.5,23.3,76.8333,0.8,8,24,CLEAR
BJ,2026-04-18,1,NONE,0.7802,19.9458,12.1,28.1,63.625,0.0,0,24,CLEAR
BJ,2026-04-19,1,NONE,0.8568,17.6917,11.5,22.3,44.0417,1.1,4,24,CLOUD
BJ,2026-04-20,0,NONE,0.9521,15.0125,6.2,23.7,17.7083,0.0,0,24,CLEAR
BJ,2026-04-21,0,LOCAL_EXPO,1.2598,16.7458,6.3,26.6,38.5,0.0,0,24,CLOUD
BJ,2026-04-22,0,LOCAL_EXPO,1.0811,17.575,8.7,24.3,44.7917,0.0,0,24,CLEAR
BJ,2026-04-23,0,LOCAL_EXPO,1.2854,17.9333,9.4,25.3,55.2083,0.0,0,24,CLEAR
BJ,2026-04-24,0,NONE,1.0526,19.8375,12.1,26.6,58.9167,0.0,0,24,CLOUD
BJ,2026-04-25,1,NONE,1.1168,21.0333,11.9,28.5,57.1667,0.0,0,24,CLEAR
BJ,2026-04-26,1,NONE,1.0802,20.4625,14.1,25.5,42.4583,0.0,0,24,CLOUD
BJ,2026-04-27,0,NONE,0.9805,17.0125,11.1,23.3,37.375,0.1,1,24,CLEAR
BJ,2026-04-28,0,NONE,0.851,15.8625,10.3,20.7,38.5417,0.0,0,24,CLEAR
BJ,2026-04-29,0,NONE,0.9736,16.7875,6.2,25.4,33.9167,0.0,0,24,CLEAR
BJ,2026-04-30,0,NONE,0.94,19.5833,9.9,28.7,34.5,0.0,0,24,CLEAR
BJ,2026-05-01,0,PUBLIC_HOLIDAY_LABOUR_DAY,0.8189,20.5208,11.1,27.4,39.4167,0.0,0,24,CLOUD
BJ,2026-05-02,1,PUBLIC_HOLIDAY_LABOUR_DAY,0.8686,16.6708,10.7,23.8,48.5417,0.8,4,24,CLOUD
BJ,2026-05-03,1,PUBLIC_HOLIDAY_LABOUR_DAY,0.9016,14.6167,7.1,20.7,49.0833,0.0,0,24,CLEAR
BJ,2026-05-04,0,PUBLIC_HOLIDAY_LABOUR_DAY,1.0019,17.5792,6.6,26.3,38.2917,0.0,0,24,CLEAR
BJ,2026-05-05,0,PUBLIC_HOLIDAY_LABOUR_DAY,1.0659,21.9208,12.1,31.3,45.1667,0.0,0,24,CLEAR
BJ,2026-05-06,0,NONE,1.1005,22.1458,18.4,25.7,44.5,0.1,1,24,CLOUD
BJ,2026-05-07,0,NONE,0.9882,18.7792,11.5,24.7,21.9167,0.0,0,24,CLEAR
BJ,2026-05-08,0,NONE,0.9878,19.1208,7.1,28.0,30.7083,0.0,0,24,CLEAR
BJ,2026-05-09,1,ADJUSTED_WORKDAY,1.0566,18.8542,12.6,23.4,47.5,0.1,1,24,CLOUD
BJ,2026-05-10,1,NONE,1.0419,23.2083,11.9,32.5,43.1667,0.0,0,24,CLEAR
BJ,2026-05-11,0,NONE,0.9636,24.25,14.5,32.2,37.625,0.0,0,24,CLEAR
BJ,2026-05-12,0,NONE,0.8435,25.2667,15.8,32.8,52.75,0.0,0,24,CLEAR
BJ,2026-05-13,0,NONE,0.8238,27.6417,19.8,34.8,54.2083,0.0,0,24,CLEAR
BJ,2026-05-14,0,NONE,0.8186,26.8583,21.6,32.9,58.1667,0.0,0,24,CLOUD
BJ,2026-05-15,0,NONE,0.9308,24.8125,21.0,30.6,58.3333,0.0,0,24,CLOUD
BJ,2026-05-16,1,NONE,0.9101,21.7208,19.0,25.5,66.125,5.9,11,24,CLOUD
BJ,2026-05-17,1,NONE,0.9561,18.7208,17.9,19.6,93.1667,60.1,21,24,RAIN
BJ,2026-05-18,0,NONE,1.0246,21.75,17.6,27.5,68.75,7.6,5,24,CLOUD
BJ,2026-05-19,0,NONE,1.0359,21.6042,15.6,26.9,74.625,0.0,0,24,CLOUD
BJ,2026-05-20,0,NONE,1.0181,20.3333,17.7,23.5,74.125,0.0,0,24,CLOUD
BJ,2026-05-21,0,NONE,0.9667,21.0917,15.4,25.8,72.8333,0.0,0,24,CLEAR
BJ,2026-05-22,0,NONE,0.923,17.7583,15.8,19.4,90.5833,23.3,15,24,RAIN
BJ,2026-05-23,1,NONE,1.0478,20.4458,14.9,26.2,81.7083,0.0,0,24,CLOUD
BJ,2026-05-24,1,NONE,1.051,23.9042,17.7,29.6,75.625,0.0,0,24,CLOUD
BJ,2026-05-25,0,NONE,1.113,20.6792,18.5,22.6,85.8333,3.2,11,24,CLOUD
BJ,2026-05-26,0,NONE,1.0072,21.5125,17.0,25.6,76.0417,0.0,0,24,CLOUD
BJ,2026-05-27,0,NONE,1.0031,23.0083,17.0,28.0,72.5,0.0,0,24,CLOUD
BJ,2026-05-28,0,NONE,0.9791,24.2542,17.9,29.1,42.9167,0.0,0,24,CLEAR
BJ,2026-05-29,0,NONE,0.9894,24.4417,13.9,33.3,50.5417,0.0,0,24,CLEAR
DL,2025-12-01,0,NONE,0.8073,2.6375,0.4,5.5,54.25,0.0,0,24,CLEAR
DL,2025-12-02,0,NONE,0.8829,-2.8833,-4.2,-0.6,55.8333,0.2,2,24,CLOUD
DL,2025-12-03,0,NONE,0.8992,-2.9583,-4.6,-1.0,56.9167,1.2,6,24,CLOUD
DL,2025-12-04,0,NONE,1.049,1.9208,-0.9,5.1,53.125,0.7,3,24,CLEAR
DL,2025-12-05,0,NONE,1.0782,4.1625,0.5,6.7,57.1667,0.0,0,24,CLEAR
DL,2025-12-06,1,NONE,0.9229,7.4,6.7,8.4,70.5417,0.0,0,24,CLEAR
DL,2025-12-07,1,NONE,0.9653,7.7792,4.9,9.3,66.75,0.0,0,24,CLEAR
DL,2025-12-08,0,NONE,1.0578,2.8083,0.8,4.3,53.9583,0.0,0,24,CLEAR
DL,2025-12-09,0,NONE,1.0042,6.1583,4.0,7.9,62.875,0.0,0,24,CLEAR
DL,2025-12-10,0,NONE,1.0916,7.5,2.2,9.5,80.25,0.0,0,24,CLOUD
DL,2025-12-11,0,NONE,1.1814,-3.0958,-5.3,1.1,58.875,0.0,0,24,CLEAR
DL,2025-12-12,0,NONE,1.1377,-2.9333,-5.2,-0.7,47.0,0.0,0,24,CLOUD
DL,2025-12-13,1,NONE,1.1338,0.1833,-0.9,1.9,69.4583,1.8,12,24,SNOW
DL,2025-12-14,1,NONE,1.0551,0.7042,-1.2,2.9,61.4167,0.0,0,24,CLEAR
DL,2025-12-15,0,NONE,1.1467,4.8375,2.6,6.4,66.6667,0.0,0,24,CLEAR
DL,2025-12-16,0,NONE,1.1771,2.0583,-1.0,4.4,76.5,0.0,0,24,CLOUD
DL,2025-12-17,0,NONE,0.9512,0.2083,-1.8,2.9,65.3333,0.0,0,24,CLEAR
DL,2025-12-18,0,NONE,1.1508,6.1208,3.0,8.2,72.9167,0.0,0,24,CLEAR
DL,2025-12-19,0,NONE,1.0608,7.95,5.7,9.2,86.9583,0.0,0,24,CLOUD
DL,2025-12-20,1,NONE,1.1227,1.825,-0.5,5.7,52.7917,0.0,0,24,CLOUD
DL,2025-12-21,1,LOCAL_EXPO,1.7576,-2.0125,-3.1,-0.9,51.25,0.0,0,24,CLEAR
DL,2025-12-22,0,LOCAL_EXPO,1.5515,2.7458,-1.7,6.0,62.375,0.0,0,24,CLEAR
DL,2025-12-23,0,LOCAL_EXPO,1.394,4.225,-0.0,6.3,76.5,10.1,11,24,RAIN
DL,2025-12-24,0,NONE,0.9575,-0.7583,-2.0,0.8,52.0833,0.0,0,24,CLEAR
DL,2025-12-25,0,NONE,1.0251,-4.1583,-6.0,-1.3,57.6667,0.1,1,24,CLOUD
DL,2025-12-26,0,NONE,0.9721,-4.1042,-7.8,2.4,58.0833,0.0,0,24,CLOUD
DL,2025-12-27,1,NONE,1.0052,3.375,2.3,4.5,68.4167,0.0,0,24,CLOUD
DL,2025-12-28,1,NONE,1.0297,4.8,3.0,6.0,74.9167,0.0,0,24,CLEAR
DL,2025-12-29,0,NONE,1.1191,0.5125,-1.4,3.6,56.5833,0.0,0,24,CLEAR
DL,2025-12-30,0,NONE,0.8851,-1.1875,-3.7,0.9,50.4583,0.1,1,24,CLEAR
DL,2025-12-31,0,NONE,0.8829,-5.5333,-6.4,-4.0,53.7917,0.0,0,24,CLEAR
DL,2026-01-01,0,PUBLIC_HOLIDAY_NEW_YEAR,0.8592,-5.4583,-7.9,-3.0,58.2917,0.0,0,24,CLEAR
DL,2026-01-02,0,PUBLIC_HOLIDAY_NEW_YEAR,0.9382,-4.1417,-7.8,-0.5,60.9583,0.0,0,24,CLEAR
DL,2026-01-03,1,PUBLIC_HOLIDAY_NEW_YEAR,0.92,0.3583,-1.3,1.3,60.9583,0.0,0,24,CLEAR
DL,2026-01-04,1,ADJUSTED_WORKDAY,0.8776,-0.6083,-1.8,1.4,58.5833,0.0,0,24,CLOUD
DL,2026-01-05,0,NONE,0.8873,-0.7042,-2.1,1.8,53.8333,0.0,0,24,CLEAR
DL,2026-01-06,0,NONE,0.927,3.2375,2.2,4.4,67.8333,0.0,0,24,CLEAR
DL,2026-01-07,0,NONE,0.9061,-1.2792,-2.8,1.2,46.3333,0.0,0,24,CLEAR
DL,2026-01-08,0,NONE,0.9421,-0.8167,-5.0,4.0,52.0833,0.0,0,24,CLEAR
DL,2026-01-09,0,NONE,1.0163,4.3083,3.5,5.2,67.625,0.0,0,24,CLEAR
DL,2026-01-10,1,NONE,1.0579,-1.7208,-4.0,3.7,63.7083,0.4,4,24,CLOUD
DL,2026-01-11,1,NONE,0.8877,-5.1917,-6.5,-2.5,51.0833,0.3,2,24,CLOUD
DL,2026-01-12,0,NONE,0.9269,1.0083,-1.8,2.9,60.5833,0.0,0,24,CLEAR
DL,2026-01-13,0,NONE,0.9509,-4.0208,-5.9,-1.3,48.0417,0.0,0,24,CLEAR
DL,2026-01-14,0,NONE,0.9523,2.5667,-3.0,5.2,78.5,0.4,3,24,CLOUD
DL,2026-01-15,0,NONE,0.884,1.4042,-0.4,3.1,79.5417,0.0,0,24,CLEAR
DL,2026-01-16,0,NONE,0.9836,-3.1167,-6.4,-0.4,67.625,0.0,0,24,CLEAR
DL,2026-01-17,1,NONE,1.0394,-6.8875,-9.2,-4.9,49.0,0.0,0,24,CLEAR
DL,2026-01-18,1,NONE,0.9874,-6.5292,-8.3,-4.8,53.25,0.0,0,24,CLOUD
DL,2026-01-19,0,NONE,1.1296,-9.7625,-10.6,-8.3,62.4583,0.0,0,24,CLOUD
DL,2026-01-20,0,NONE,1.2071,-10.175,-12.2,-8.7,66.2917,0.0,0,24,CLOUD
DL,2026-01-21,0,NONE,1.0873,-8.6083,-10.2,-7.7,61.0417,0.0,0,24,CLOUD
DL,2026-01-22,0,NONE,1.0259,-6.2542,-8.9,-3.8,55.625,0.0,0,24,CLEAR
DL,2026-01-23,0,NONE,1.1596,-3.4667,-5.8,-1.0,54.9167,0.0,0,24,CLEAR
DL,2026-01-24,1,NONE,1.074,-4.6292,-6.6,-3.0,50.9583,0.0,0,24,CLEAR
DL,2026-01-25,1,NONE,1.1044,-6.5833,-8.8,-5.0,52.4583,0.0,0,24,CLEAR
DL,2026-01-26,0,NONE,1.1062,-3.5958,-7.2,-0.2,57.2917,0.0,0,24,CLOUD
DL,2026-01-27,0,NONE,1.0677,-4.3208,-5.7,-3.0,50.5,0.0,0,24,CLEAR
DL,2026-01-28,0,NONE,0.9783,-4.7,-6.2,-3.2,48.75,0.0,0,24,CLOUD
DL,2026-01-29,0,NONE,1.0063,-5.8333,-7.5,-3.7,50.5833,0.0,0,24,CLEAR
DL,2026-01-30,0,NONE,0.9339,-5.55,-7.0,-3.8,50.4583,0.0,0,24,CLOUD
DL,2026-01-31,1,NONE,0.9216,-2.5542,-5.2,-0.5,67.0833,0.1,1,24,CLOUD
DL,2026-02-01,1,NONE,0.9541,-1.3708,-3.8,0.6,60.125,0.1,1,24,CLEAR
DL,2026-02-02,0,NONE,0.916,-2.275,-4.6,-0.5,53.5417,0.0,0,24,CLEAR
DL,2026-02-03,0,NONE,1.0045,2.7167,-0.3,4.7,67.125,0.0,0,24,CLEAR
DL,2026-02-04,0,LOCAL_EXPO,1.5678,3.8333,1.1,5.6,84.625,0.0,0,24,CLEAR
DL,2026-02-05,0,LOCAL_EXPO,1.5702,-3.3292,-8.1,0.9,66.3333,0.0,0,24,CLOUD
DL,2026-02-06,0,LOCAL_EXPO,1.5709,-10.4125,-12.0,-8.4,51.9583,0.0,0,24,CLOUD
DL,2026-02-07,1,NONE,1.0691,-8.4333,-10.1,-6.6,53.7917,0.0,0,24,CLEAR
DL,2026-02-08,1,NONE,1.0765,-4.5833,-7.7,-0.8,51.375,0.0,0,24,CLEAR
DL,2026-02-09,0,NONE,1.0564,2.4,-0.5,3.9,66.6667,0.0,0,24,CLEAR
DL,2026-02-10,0,NONE,0.9646,2.3125,0.4,3.2,78.5417,0.5,5,24,CLOUD
DL,2026-02-11,0,NONE,0.898,1.125,-1.7,3.8,60.5833,0.0,0,24,CLEAR
DL,2026-02-12,0,NONE,0.9655,3.4917,1.7,6.0,77.3333,0.0,0,24,CLEAR
DL,2026-02-13,0,NONE,0.9817,3.4958,1.5,5.9,83.4583,0.0,0,24,CLEAR
DL,2026-02-14,1,ADJUSTED_WORKDAY,1.0678,4.6583,1.9,7.3,85.4583,0.0,0,24,CLEAR
DL,2026-02-15,1,PUBLIC_HOLIDAY_SPRING_FESTIVAL,0.9558,0.0958,-1.5,2.8,49.5417,0.0,0,24,CLOUD
DL,2026-02-16,0,PUBLIC_HOLIDAY_SPRING_FESTIVAL,1.0113,-0.8375,-2.4,0.7,51.625,0.0,0,24,CLEAR
DL,2026-02-17,0,PUBLIC_HOLIDAY_SPRING_FESTIVAL,0.8695,2.375,0.0,4.3,64.5,0.0,0,24,CLEAR
DL,2026-02-18,0,PUBLIC_HOLIDAY_SPRING_FESTIVAL,0.9339,0.6333,-0.8,3.3,52.3333,0.0,0,24,CLEAR
DL,2026-02-19,0,PUBLIC_HOLIDAY_SPRING_FESTIVAL,0.9811,3.9333,0.3,6.4,73.4167,0.0,0,24,CLEAR
DL,2026-02-20,0,PUBLIC_HOLIDAY_SPRING_FESTIVAL,1.0092,5.7417,3.4,7.4,74.0833,0.0,0,24,CLEAR
DL,2026-02-21,1,PUBLIC_HOLIDAY_SPRING_FESTIVAL,0.9869,7.6375,6.3,9.8,76.3333,0.0,0,24,CLEAR
DL,2026-02-22,1,PUBLIC_HOLIDAY_SPRING_FESTIVAL,1.1102,2.8417,1.1,8.7,46.4167,0.0,0,24,CLEAR
DL,2026-02-23,0,PUBLIC_HOLIDAY_SPRING_FESTIVAL,1.0368,0.2583,-2.1,2.1,41.25,0.0,0,24,CLOUD
DL,2026-02-24,0,NONE,0.9449,2.9083,2.1,3.6,79.9583,0.0,0,24,CLOUD
DL,2026-02-25,0,NONE,0.9947,3.6792,2.8,5.0,82.4583,0.0,0,24,CLEAR
DL,2026-02-26,0,NONE,1.086,3.1625,1.4,5.0,81.25,0.0,0,24,CLOUD
DL,2026-02-27,0,NONE,1.101,1.3083,-0.5,3.4,67.6667,0.0,0,24,CLEAR
DL,2026-02-28,1,ADJUSTED_WORKDAY,1.0551,1.6875,-0.7,4.2,58.625,0.0,0,24,CLOUD
DL,2026-03-01,1,NONE,1.0549,2.175,0.1,4.1,65.5,0.0,0,24,CLOUD
DL,2026-03-02,0,NONE,1.1012,2.5958,1.8,3.4,90.4167,5.7,18,24,RAIN
DL,2026-03-03,0,NONE,1.0492,2.3792,1.3,3.6,87.125,0.0,0,24,CLOUD
DL,2026-03-04,0,NONE,1.0952,1.5708,0.2,3.2,67.2917,0.0,0,24,CLOUD
DL,2026-03-05,0,NONE,1.0771,0.8417,-0.7,1.7,74.125,1.1,8,24,CLOUD
DL,2026-03-06,0,NONE,1.0929,-1.6583,-2.7,-0.7,52.2917,0.0,0,24,CLEAR
DL,2026-03-07,1,NONE,1.0851,-0.5542,-2.1,1.1,48.375,0.0,0,24,CLEAR
DL,2026-03-08,1,NONE,0.9329,2.6417,-0.3,4.9,74.5,0.0,0,24,CLEAR
DL,2026-03-09,0,NONE,1.1274,1.875,0.6,3.3,58.75,0.0,0,24,CLEAR
DL,2026-03-10,0,NONE,1.0894,3.2375,0.6,5.1,70.4583,1.1,3,24,CLOUD
DL,2026-03-11,0,NONE,1.0631,4.325,3.3,5.7,87.125,1.1,4,24,CLEAR
DL,2026-03-12,0,NONE,1.1247,3.7667,1.9,6.5,63.1667,0.0,0,24,CLEAR
DL,2026-03-13,0,NONE,1.1553,3.9042,1.6,5.6,74.8333,0.0,0,24,CLOUD
DL,2026-03-14,1,NONE,1.1023,4.0833,2.7,5.5,69.25,1.6,9,24,CLOUD
DL,2026-03-15,1,NONE,1.0687,3.4917,1.7,6.0,57.7917,0.0,0,24,CLOUD
DL,2026-03-16,0,NONE,1.0494,4.15,2.4,6.7,79.375,0.0,0,24,CLOUD
DL,2026-03-17,0,NONE,1.022,5.1875,2.8,7.2,77.2083,0.0,0,24,CLEAR
DL,2026-03-18,0,NONE,1.0078,3.325,1.1,5.9,62.625,0.3,3,24,CLEAR
DL,2026-03-19,0,NONE,0.9845,5.3042,2.6,6.9,66.9583,0.0,0,24,CLEAR
DL,2026-03-20,0,NONE,0.8634,4.625,3.2,6.7,56.0833,0.0,0,24,CLEAR
DL,2026-03-21,1,LOCAL_EXPO,1.1893,6.4083,3.0,8.6,74.4167,0.0,0,24,CLEAR
DL,2026-03-22,1,LOCAL_EXPO,1.3825,6.8792,5.7,7.7,82.6667,1.0,4,24,CLOUD
DL,2026-03-23,0,LOCAL_EXPO,1.3989,6.6333,4.3,9.6,79.0,0.0,0,24,CLOUD
DL,2026-03-24,0,NONE,0.9783,6.3292,4.4,7.8,72.0833,0.0,0,24,CLOUD
DL,2026-03-25,0,NONE,0.8744,8.6667,6.4,10.8,74.4167,0.0,0,24,CLEAR
DL,2026-03-26,0,NONE,0.9664,7.6583,6.2,9.1,82.0,0.0,0,24,CLEAR
DL,2026-03-27,0,NONE,1.0955,8.475,6.9,10.4,61.5,0.0,0,24,CLEAR
DL,2026-03-28,1,NONE,1.1229,8.4083,5.4,10.8,65.5417,0.3,1,24,CLEAR
DL,2026-03-29,1,NONE,1.2367,9.1417,8.2,10.0,79.25,0.8,6,24,CLOUD
DL,2026-03-30,0,NONE,1.2133,9.45,7.7,11.3,68.2083,0.0,0,24,CLOUD
DL,2026-03-31,0,NONE,1.2787,8.7833,7.0,11.0,56.9167,0.0,0,24,CLEAR
DL,2026-04-01,0,NONE,1.2001,8.6333,7.3,10.7,60.4583,0.0,0,24,CLEAR
DL,2026-04-02,0,NONE,1.0615,8.175,5.4,10.5,63.1667,0.0,0,24,CLEAR
DL,2026-04-03,0,NONE,1.1649,10.5458,5.6,12.3,79.375,12.3,6,24,CLOUD
DL,2026-04-04,1,PUBLIC_HOLIDAY_QINGMING,1.0521,5.5833,3.7,7.7,74.5417,0.1,1,24,CLEAR
DL,2026-04-05,1,PUBLIC_HOLIDAY_QINGMING,1.002,8.7833,5.5,11.0,70.0,0.6,3,24,CLEAR
DL,2026-04-06,0,PUBLIC_HOLIDAY_QINGMING,0.9375,7.3667,6.2,8.6,54.3333,0.0,0,24,CLEAR
DL,2026-04-07,0,NONE,1.2128,6.8333,5.4,8.4,52.0417,0.0,0,24,CLEAR
DL,2026-04-08,0,NONE,1.2226,8.8583,5.7,11.0,68.2083,0.0,0,24,CLEAR
DL,2026-04-09,0,NONE,1.0397,8.3,7.7,9.3,86.625,3.8,17,24,RAIN
DL,2026-04-10,0,NONE,0.9501,9.225,7.8,11.4,84.625,0.4,3,24,CLOUD
DL,2026-04-11,1,NONE,1.0061,10.6167,9.2,12.3,57.5833,0.0,0,24,CLEAR
DL,2026-04-12,1,NONE,0.9727,11.3667,9.4,15.1,68.3333,0.0,0,24,CLEAR
DL,2026-04-13,0,NONE,1.0589,11.0208,9.8,11.7,66.75,0.0,0,24,CLOUD
DL,2026-04-14,0,NONE,0.9851,11.8,9.4,14.8,70.9167,0.2,2,24,CLOUD
DL,2026-04-15,0,NONE,1.0005,11.3417,9.3,13.7,77.4167,0.1,1,24,CLEAR
DL,2026-04-16,0,NONE,0.9413,11.9083,10.4,13.2,75.7083,0.1,1,24,CLOUD
DL,2026-04-17,0,NONE,0.8598,11.1333,10.3,12.2,87.5417,3.2,6,24,CLEAR
DL,2026-04-18,1,NONE,0.8246,11.1292,9.3,13.1,89.9167,0.0,0,24,CLEAR
DL,2026-04-19,1,NONE,1.0032,12.1375,10.5,13.6,79.7083,0.0,0,24,CLOUD
DL,2026-04-20,0,NONE,1.1221,10.3958,7.6,13.3,49.875,0.7,3,24,CLEAR
DL,2026-04-21,0,NONE,1.1349,12.7542,11.0,14.1,57.5833,0.0,0,24,CLOUD
DL,2026-04-22,0,NONE,1.0606,12.7208,11.2,13.9,63.875,0.0,0,24,CLOUD
DL,2026-04-23,0,NONE,0.9581,11.1625,9.6,12.3,62.5417,0.0,0,24,CLEAR
DL,2026-04-24,0,NONE,1.0687,13.3083,10.9,14.8,68.25,0.0,0,24,CLEAR
DL,2026-04-25,1,NONE,1.0418,14.3917,12.8,15.3,64.5,0.0,0,24,CLEAR
DL,2026-04-26,1,NONE,1.011,13.475,12.3,14.5,74.75,1.9,6,24,CLOUD
DL,2026-04-27,0,NONE,1.1052,11.8167,11.2,12.6,81.0833,1.6,5,24,CLEAR
DL,2026-04-28,0,NONE,1.1398,12.2792,10.7,13.8,63.75,0.0,0,24,CLEAR
DL,2026-04-29,0,NONE,1.1132,13.0458,11.2,15.3,69.4167,0.0,0,24,CLEAR
DL,2026-04-30,0,NONE,1.2202,12.9958,10.9,15.2,74.375,0.0,0,24,CLEAR
DL,2026-05-01,0,PUBLIC_HOLIDAY_LABOUR_DAY,1.1399,14.8583,11.7,17.8,65.5833,0.0,0,24,CLEAR
DL,2026-05-02,1,PUBLIC_HOLIDAY_LABOUR_DAY,1.0505,13.9083,12.4,16.5,72.7917,1.7,11,24,CLOUD
DL,2026-05-03,1,PUBLIC_HOLIDAY_LABOUR_DAY,0.9971,12.3333,10.6,14.1,76.3333,5.5,11,24,RAIN
DL,2026-05-04,0,PUBLIC_HOLIDAY_LABOUR_DAY,1.0267,13.4958,11.0,15.5,63.4583,0.0,0,24,CLEAR
DL,2026-05-05,0,PUBLIC_HOLIDAY_LABOUR_DAY,0.9616,14.5833,13.2,16.1,69.5417,0.0,0,24,CLEAR
DL,2026-05-06,0,LOCAL_EXPO,1.4079,15.7333,14.1,16.9,75.375,1.3,2,24,CLOUD
DL,2026-05-07,0,LOCAL_EXPO,1.5118,13.7375,12.6,15.4,75.6667,5.7,7,24,CLEAR
DL,2026-05-08,0,NONE,1.089,14.5708,12.1,17.3,61.0417,0.0,0,24,CLEAR
DL,2026-05-09,1,ADJUSTED_WORKDAY,1.0771,15.4375,13.5,17.2,63.4583,0.0,0,24,CLEAR
DL,2026-05-10,1,NONE,1.2077,15.4458,14.2,16.0,72.5,2.0,6,24,CLEAR
DL,2026-05-11,0,NONE,1.0135,14.0792,12.4,15.0,87.375,0.2,1,24,CLOUD
DL,2026-05-12,0,NONE,1.0014,12.6708,11.3,13.8,93.6667,0.0,0,24,CLOUD
DL,2026-05-13,0,NONE,0.9378,15.1542,14.3,16.1,80.3333,0.1,1,24,CLEAR
DL,2026-05-14,0,NONE,0.8789,14.2833,13.2,15.0,87.2083,0.0,0,24,CLEAR
DL,2026-05-15,0,NONE,0.8786,15.2125,14.1,16.4,85.7083,0.0,0,24,CLEAR
DL,2026-05-16,1,NONE,0.8813,15.5583,14.2,16.5,85.0,0.0,0,24,CLOUD
DL,2026-05-17,1,NONE,0.9028,16.8167,15.7,18.1,84.0,0.0,0,24,CLOUD
DL,2026-05-18,0,NONE,0.8128,16.4292,15.7,17.0,88.4583,12.7,15,24,RAIN
DL,2026-05-19,0,NONE,0.8816,15.7667,15.3,16.1,94.8333,20.0,15,24,RAIN
DL,2026-05-20,0,NONE,0.8784,15.3875,14.9,15.9,88.8333,16.9,15,24,RAIN
DL,2026-05-21,0,NONE,0.8824,17.3208,15.8,19.8,83.9167,0.0,0,24,CLOUD
DL,2026-05-22,0,NONE,0.9676,15.9458,15.0,16.5,86.75,1.9,4,24,CLOUD
DL,2026-05-23,1,NONE,1.1281,16.5583,15.8,17.6,90.6667,3.9,8,24,CLOUD
DL,2026-05-24,1,NONE,1.1255,16.3292,15.6,17.0,90.9167,0.0,0,24,CLOUD
DL,2026-05-25,0,NONE,1.185,16.275,15.6,16.9,88.9167,3.0,7,24,CLOUD
DL,2026-05-26,0,NONE,1.1074,16.8583,15.8,17.6,91.5,20.6,21,24,RAIN
DL,2026-05-27,0,NONE,1.0477,18.0208,17.0,19.9,92.6667,9.2,11,24,RAIN
DL,2026-05-28,0,NONE,0.998,19.0125,16.8,20.6,75.5,0.0,0,24,CLEAR
DL,2026-05-29,0,NONE,0.9973,19.9917,17.9,21.9,71.9167,0.0,0,24,CLEAR
SH,2025-12-01,0,LOCAL_EXPO,1.3621,13.1792,8.6,17.4,75.375,0.0,0,24,CLEAR
SH,2025-12-02,0,LOCAL_EXPO,1.3856,12.4667,10.7,14.9,70.5,0.0,0,24,CLOUD
SH,2025-12-03,0,NONE,1.072,7.9833,3.1,11.1,61.4167,0.0,0,24,CLEAR
SH,2025-12-04,0,NONE,0.993,5.9,0.8,11.1,54.2083,0.0,0,24,CLEAR
SH,2025-12-05,0,NONE,0.8481,8.4208,6.0,12.4,61.625,0.0,0,24,CLOUD
SH,2025-12-06,1,NONE,0.8664,9.9792,5.4,17.5,65.5833,0.0,0,24,CLEAR
SH,2025-12-07,1,NONE,1.0364,12.0042,6.9,20.0,75.3333,0.0,0,24,CLEAR
SH,2025-12-08,0,NONE,0.9344,11.5792,8.8,15.4,67.9583,0.0,0,24,CLEAR
SH,2025-12-09,0,NONE,0.9151,10.5667,6.3,15.4,68.4167,0.0,0,24,CLEAR
SH,2025-12-10,0,NONE,1.0954,14.4125,10.7,17.5,75.1667,0.0,0,24,CLOUD
SH,2025-12-11,0,NONE,1.0169,13.2583,10.5,17.3,73.0,0.0,0,24,CLEAR
SH,2025-12-12,0,NONE,1.0539,11.0333,10.0,12.3,63.7083,0.0,0,24,CLOUD
SH,2025-12-13,1,NONE,1.1103,8.2,4.8,10.0,72.75,0.8,5,24,CLOUD
SH,2025-12-14,1,NONE,1.2069,4.1625,0.7,8.3,54.75,0.0,0,24,CLEAR
SH,2025-12-15,0,NONE,1.1165,6.5958,0.9,12.3,63.9167,0.0,0,24,CLEAR
SH,2025-12-16,0,NONE,1.0803,10.8333,7.5,17.8,64.5,0.0,0,24,CLEAR
SH,2025-12-17,0,NONE,0.9978,9.3625,6.3,13.6,71.7917,0.0,0,24,CLEAR
SH,2025-12-18,0,NONE,1.0175,9.4042,3.6,14.7,73.9167,0.0,0,24,CLEAR
SH,2025-12-19,0,NONE,0.9291,15.0833,11.9,19.6,72.8333,0.0,0,24,CLEAR
SH,2025-12-20,1,NONE,0.9704,13.8458,10.8,17.9,79.4583,0.0,0,24,CLOUD
SH,2025-12-21,1,NONE,1.0062,8.175,5.7,11.0,63.75,1.0,7,24,CLEAR
SH,2025-12-22,0,NONE,1.0162,8.9458,5.7,11.5,67.5,0.0,0,24,CLEAR
SH,2025-12-23,0,NONE,0.9293,12.7125,9.9,17.0,70.7083,0.0,0,24,CLOUD
SH,2025-12-24,0,NONE,0.9968,8.9208,7.6,9.9,82.8333,3.8,12,24,CLOUD
SH,2025-12-25,0,NONE,0.9764,6.7375,3.5,8.9,57.4167,0.1,1,24,CLEAR
SH,2025-12-26,0,NONE,0.9243,4.3333,1.4,7.9,58.5417,0.0,0,24,CLEAR
SH,2025-12-27,1,NONE,1.0082,5.9,2.1,12.1,67.8333,0.0,0,24,CLEAR
SH,2025-12-28,1,NONE,1.0923,7.1917,1.7,14.5,63.0833,0.0,0,24,CLEAR
SH,2025-12-29,0,NONE,1.0217,10.3625,6.2,17.6,68.2917,0.0,0,24,CLEAR
SH,2025-12-30,0,NONE,1.0443,9.8583,7.9,12.3,74.125,0.0,0,24,CLEAR
SH,2025-12-31,0,NONE,1.0447,8.6083,6.9,11.2,59.7917,0.0,0,24,CLOUD
SH,2026-01-01,0,PUBLIC_HOLIDAY_NEW_YEAR,1.0469,5.1583,3.7,6.9,70.375,2.9,10,24,CLOUD
SH,2026-01-02,0,PUBLIC_HOLIDAY_NEW_YEAR,0.9854,2.425,-0.0,4.8,55.3333,0.0,0,24,CLEAR
SH,2026-01-03,1,PUBLIC_HOLIDAY_NEW_YEAR,0.9475,1.525,-2.8,7.4,58.9167,0.0,0,24,CLEAR
SH,2026-01-04,1,ADJUSTED_WORKDAY,0.9738,5.0,-0.3,10.3,71.6667,1.2,8,24,CLEAR
SH,2026-01-05,0,NONE,0.9469,5.1583,3.7,7.4,77.2083,0.4,4,24,CLOUD
SH,2026-01-06,0,NONE,1.0482,4.3458,1.5,8.5,74.0417,0.0,0,24,CLEAR
SH,2026-01-07,0,NONE,0.9736,4.775,1.5,10.1,55.4583,0.0,0,24,CLEAR
SH,2026-01-08,0,NONE,0.994,4.2083,1.0,9.4,66.9167,0.0,0,24,CLEAR
SH,2026-01-09,0,NONE,1.0013,5.6542,0.8,11.8,60.5833,0.0,0,24,CLEAR
SH,2026-01-10,1,NONE,1.124,8.1792,4.5,13.5,40.3333,0.0,0,24,CLEAR
SH,2026-01-11,1,NONE,1.0402,3.5,-0.3,7.2,34.7083,0.0,0,24,CLEAR
SH,2026-01-12,0,NONE,1.2137,6.075,-1.1,12.7,50.7083,0.0,0,24,CLEAR
SH,2026-01-13,0,NONE,1.089,8.625,3.6,14.9,53.3333,0.0,0,24,CLEAR
SH,2026-01-14,0,LOCAL_EXPO,1.5111,11.725,7.1,19.2,58.5833,0.0,0,24,CLEAR
SH,2026-01-15,0,LOCAL_EXPO,1.4756,12.2417,7.9,20.2,56.9167,0.0,0,24,CLEAR
SH,2026-01-16,0,LOCAL_EXPO,1.3811,10.7667,6.5,17.9,79.4167,0.0,0,24,CLEAR
SH,2026-01-17,1,NONE,1.1205,9.9167,8.0,12.4,82.5,0.0,0,24,CLOUD
SH,2026-01-18,1,NONE,1.0463,10.6542,7.8,14.0,81.625,0.0,0,24,CLOUD
SH,2026-01-19,0,NONE,1.0708,6.9708,3.7,10.8,82.375,0.0,0,24,CLOUD
SH,2026-01-20,0,NONE,1.1196,2.2792,1.5,3.9,74.4167,1.2,8,24,CLOUD
SH,2026-01-21,0,NONE,1.073,1.0417,-1.1,3.0,60.6667,0.0,0,24,CLOUD
SH,2026-01-22,0,NONE,0.8857,0.8667,-1.5,4.5,58.7083,0.0,0,24,CLOUD
SH,2026-01-23,0,NONE,0.9228,2.5208,-2.7,8.7,64.5417,0.0,0,24,CLEAR
SH,2026-01-24,1,NONE,0.9592,4.425,0.0,9.6,66.5,0.0,0,24,CLEAR
SH,2026-01-25,1,NONE,0.946,8.3458,5.1,10.4,72.4583,0.1,1,24,CLOUD
SH,2026-01-26,0,NONE,0.9057,8.6792,6.0,10.6,86.4583,6.5,20,24,RAIN
SH,2026-01-27,0,NONE,1.0522,5.6375,4.4,7.3,72.125,0.0,0,24,CLOUD
SH,2026-01-28,0,NONE,1.0008,5.4042,3.7,7.9,66.2917,0.0,0,24,CLOUD
SH,2026-01-29,0,NONE,1.008,7.4292,4.9,9.2,65.3333,0.0,0,24,CLOUD
SH,2026-01-30,0,NONE,1.0013,6.05,4.5,8.0,81.6667,16.3,21,24,RAIN
SH,2026-01-31,1,NONE,1.063,4.4,2.2,6.4,78.125,4.3,9,24,CLOUD
SH,2026-02-01,1,NONE,0.9855,3.8792,0.6,8.0,73.875,0.0,0,24,CLEAR
SH,2026-02-02,0,NONE,0.9713,5.0333,1.9,9.8,70.8333,0.0,0,24,CLEAR
SH,2026-02-03,0,NONE,0.861,5.5125,1.3,10.3,62.7083,0.0,0,24,CLEAR
SH,2026-02-04,0,NONE,0.7656,10.6125,7.6,17.0,63.375,0.0,0,24,CLEAR
SH,2026-02-05,0,NONE,0.8531,10.5792,8.7,13.1,74.9583,1.2,4,24,CLOUD
SH,2026-02-06,0,NONE,0.9029,5.5292,2.1,9.5,84.7917,12.2,23,24,RAIN
SH,2026-02-07,1,NONE,0.9737,1.8792,0.1,3.1,70.0,0.1,1,24,CLOUD
SH,2026-02-08,1,NONE,0.9664,0.8208,-2.0,4.0,53.6667,0.0,0,24,CLEAR
SH,2026-02-09,0,NONE,0.9026,3.0792,-4.1,7.9,63.875,1.2,6,24,CLEAR
SH,2026-02-10,0,NONE,1.0893,7.1875,5.6,10.4,75.3333,1.1,6,24,CLOUD
SH,2026-02-11,0,NONE,1.0819,7.4583,4.3,12.8,70.7083,0.0,0,24,CLEAR
SH,2026-02-12,0,NONE,1.0518,7.8917,2.7,14.3,71.9167,0.0,0,24,CLEAR
SH,2026-02-13,0,NONE,0.9034,11.1042,6.3,17.6,71.7083,0.0,0,24,CLEAR
SH,2026-02-14,1,ADJUSTED_WORKDAY,0.913,13.725,10.3,20.5,76.875,0.9,5,24,CLEAR
SH,2026-02-15,1,PUBLIC_HOLIDAY_SPRING_FESTIVAL,0.9261,12.0583,8.7,18.7,80.2917,0.0,0,24,CLEAR
SH,2026-02-16,0,PUBLIC_HOLIDAY_SPRING_FESTIVAL,1.0348,6.3083,5.0,9.5,77.5833,5.7,11,24,CLOUD
SH,2026-02-17,0,PUBLIC_HOLIDAY_SPRING_FESTIVAL,0.9228,6.6167,4.9,9.4,62.25,0.0,0,24,CLOUD
SH,2026-02-18,0,PUBLIC_HOLIDAY_SPRING_FESTIVAL,1.0346,7.4833,3.6,13.1,61.375,0.0,0,24,CLEAR
SH,2026-02-19,0,PUBLIC_HOLIDAY_SPRING_FESTIVAL,1.0999,7.9458,2.8,13.4,65.375,0.0,0,24,CLOUD
SH,2026-02-20,0,PUBLIC_HOLIDAY_SPRING_FESTIVAL,0.9057,11.2083,4.9,18.8,61.625,0.0,0,24,CLEAR
SH,2026-02-21,1,PUBLIC_HOLIDAY_SPRING_FESTIVAL,0.9063,14.2042,8.5,21.1,60.0417,0.0,0,24,CLEAR
SH,2026-02-22,1,PUBLIC_HOLIDAY_SPRING_FESTIVAL,0.9681,12.9167,8.5,20.0,55.3333,0.0,0,24,CLEAR
SH,2026-02-23,0,PUBLIC_HOLIDAY_SPRING_FESTIVAL,0.878,10.6417,8.1,13.8,62.125,2.0,2,24,CLEAR
SH,2026-02-24,0,NONE,0.8779,8.6792,8.0,10.0,89.25,11.1,10,24,CLOUD
SH,2026-02-25,0,NONE,0.8478,8.85,7.9,9.9,79.7917,0.0,0,24,CLOUD
SH,2026-02-26,0,NONE,1.0428,11.025,9.5,12.6,90.1667,17.8,17,24,RAIN
SH,2026-02-27,0,NONE,0.9868,10.65,8.8,12.2,87.125,2.9,6,24,CLOUD
SH,2026-02-28,1,ADJUSTED_WORKDAY,0.901,10.5292,8.4,12.9,81.6667,0.0,0,24,CLOUD
SH,2026-03-01,1,LOCAL_EXPO,1.1865,12.1792,11.7,13.4,89.1667,25.9,18,24,RAIN
SH,2026-03-02,0,LOCAL_EXPO,1.1942,10.6208,8.3,12.2,86.2917,1.2,2,24,CLOUD
SH,2026-03-03,0,NONE,0.8956,8.025,7.3,8.6,74.4583,0.0,0,24,CLOUD
SH,2026-03-04,0,NONE,0.8455,9.0167,8.1,10.5,73.5417,0.3,2,24,CLOUD
SH,2026-03-05,0,NONE,0.9202,10.1292,8.3,12.5,85.875,1.6,8,24,CLOUD
SH,2026-03-06,0,NONE,0.9695,8.4833,5.8,10.8,72.0,0.0,0,24,CLOUD
SH,2026-03-07,1,NONE,1.0052,7.0042,5.4,9.9,59.875,0.0,0,24,CLOUD
SH,2026-03-08,1,NONE,1.0196,8.2583,6.0,11.5,66.1667,0.0,0,24,CLOUD
SH,2026-03-09,0,NONE,1.0191,8.6417,6.1,12.1,64.625,0.0,0,24,CLOUD
SH,2026-03-10,0,NONE,1.0181,7.3333,3.1,12.0,60.7917,0.0,0,24,CLEAR
SH,2026-03-11,0,NONE,1.0894,9.5458,5.7,14.6,65.7917,0.9,3,24,CLEAR
SH,2026-03-12,0,NONE,1.361,9.6625,5.9,13.8,68.7083,0.0,0,24,CLEAR
SH,2026-03-13,0,NONE,1.3588,9.55,5.7,14.1,66.25,0.0,0,24,CLEAR
SH,2026-03-14,1,NONE,1.21,11.7292,7.8,16.4,68.0833,0.0,0,24,CLEAR
SH,2026-03-15,1,NONE,1.1726,12.2917,10.4,15.1,75.7917,0.1,1,24,CLOUD
SH,2026-03-16,0,NONE,1.0269,10.7417,9.7,11.8,82.4583,3.4,14,24,RAIN
SH,2026-03-17,0,NONE,1.058,10.8417,9.9,12.7,88.25,8.5,19,24,RAIN
SH,2026-03-18,0,NONE,0.9896,10.7042,8.2,13.1,91.3333,11.9,20,24,RAIN
SH,2026-03-19,0,NONE,1.0344,9.5708,7.4,13.3,76.0833,0.0,0,24,CLEAR
SH,2026-03-20,0,NONE,1.0941,10.2833,7.6,14.6,69.4167,0.6,4,24,CLEAR
SH,2026-03-21,1,NONE,1.0164,10.6,6.4,14.5,72.875,0.0,0,24,CLEAR
SH,2026-03-22,1,NONE,1.0233,14.0042,10.4,18.4,76.4167,0.0,0,24,CLOUD
SH,2026-03-23,0,NONE,1.0165,13.0958,11.6,14.5,81.3333,0.4,2,24,CLOUD
SH,2026-03-24,0,NONE,0.9543,11.575,10.4,12.6,86.0417,5.0,5,24,CLOUD
SH,2026-03-25,0,NONE,0.9583,12.9125,10.0,17.7,77.75,0.0,0,24,CLOUD
SH,2026-03-26,0,NONE,0.9471,13.55,10.5,16.9,74.125,0.2,2,24,CLOUD
SH,2026-03-27,0,NONE,1.058,13.8375,11.2,16.5,75.9167,1.6,5,24,CLOUD
SH,2026-03-28,1,NONE,1.0045,14.9333,10.1,20.3,65.0,0.0,0,24,CLEAR
SH,2026-03-29,1,NONE,1.0586,16.5875,13.3,21.5,71.3333,0.0,0,24,CLOUD
SH,2026-03-30,0,NONE,1.1617,16.0542,14.2,18.9,91.6667,13.1,18,24,RAIN
SH,2026-03-31,0,NONE,0.9826,14.0833,11.3,16.9,80.5417,8.3,9,24,CLOUD
SH,2026-04-01,0,NONE,0.9982,14.6208,11.1,19.0,76.3333,2.9,9,24,CLEAR
SH,2026-04-02,0,NONE,1.0285,16.55,11.3,22.2,72.75,0.0,0,24,CLOUD
SH,2026-04-03,0,NONE,1.0061,15.225,13.7,16.7,86.375,28.3,17,24,RAIN
SH,2026-04-04,1,PUBLIC_HOLIDAY_QINGMING,1.0655,16.6833,13.2,21.4,78.4167,0.3,2,24,CLOUD
SH,2026-04-05,1,PUBLIC_HOLIDAY_QINGMING,0.9174,18.9,13.0,25.7,73.7083,0.0,0,24,CLEAR
SH,2026-04-06,0,PUBLIC_HOLIDAY_QINGMING,0.9719,19.6417,14.6,25.7,73.2917,0.0,0,24,CLOUD
SH,2026-04-07,0,NONE,0.9631,14.8458,12.4,17.4,54.8333,0.0,0,24,CLEAR
SH,2026-04-08,0,NONE,0.9698,15.3625,11.4,18.3,59.4583,0.0,0,24,CLOUD
SH,2026-04-09,0,NONE,1.0637,21.0625,17.3,25.7,80.4583,10.3,9,24,CLOUD
SH,2026-04-10,0,NONE,1.1064,19.6208,16.7,24.1,77.4167,10.4,4,24,CLOUD
SH,2026-04-11,1,NONE,1.0919,16.2292,14.4,18.5,77.75,3.5,6,24,CLOUD
SH,2026-04-12,1,NONE,1.2044,15.175,14.7,15.8,89.25,9.2,14,24,RAIN
SH,2026-04-13,0,NONE,1.1453,15.7042,14.9,17.2,89.7917,1.2,4,24,CLOUD
SH,2026-04-14,0,LOCAL_EXPO,1.5472,15.8042,14.7,17.4,90.9167,6.1,8,24,CLOUD
SH,2026-04-15,0,LOCAL_EXPO,1.7882,17.1625,14.7,21.2,77.9167,0.0,0,24,CLOUD
SH,2026-04-16,0,LOCAL_EXPO,1.8157,17.1792,15.3,20.0,77.9167,3.7,9,24,CLEAR
SH,2026-04-17,0,NONE,1.2157,17.9083,16.3,20.4,82.75,0.2,2,24,CLOUD
SH,2026-04-18,1,NONE,1.1243,16.9917,14.0,20.7,77.9583,0.3,2,24,CLEAR
SH,2026-04-19,1,NONE,1.1376,17.4708,13.2,22.3,79.625,0.0,0,24,CLEAR
SH,2026-04-20,0,NONE,1.0207,16.55,14.0,20.8,81.2083,0.2,2,24,CLOUD
SH,2026-04-21,0,NONE,1.0483,15.0542,13.7,16.9,66.375,0.4,2,24,CLOUD
SH,2026-04-22,0,NONE,1.0696,16.0167,14.2,17.8,93.875,34.7,24,24,RAIN
SH,2026-04-23,0,NONE,0.988,14.325,13.0,16.3,78.4167,2.6,7,24,CLOUD
SH,2026-04-24,0,NONE,0.9118,16.5083,12.5,21.3,71.9583,0.0,0,24,CLEAR
SH,2026-04-25,1,NONE,0.9355,17.3917,12.3,22.1,69.2083,0.0,0,24,CLEAR
SH,2026-04-26,1,NONE,0.9278,18.4958,12.5,24.4,66.3333,0.0,0,24,CLEAR
SH,2026-04-27,0,NONE,0.9897,21.8625,15.9,28.7,67.9583,0.0,0,24,CLOUD
SH,2026-04-28,0,NONE,1.1287,16.8667,13.6,22.0,75.7917,5.0,13,24,RAIN
SH,2026-04-29,0,NONE,1.0597,11.7667,10.5,13.5,86.0833,33.3,23,24,RAIN
SH,2026-04-30,0,NONE,1.0973,14.3708,10.2,19.1,67.5833,0.0,0,24,CLEAR
SH,2026-05-01,0,PUBLIC_HOLIDAY_LABOUR_DAY,1.1044,17.775,10.5,24.7,60.0417,0.0,0,24,CLEAR
SH,2026-05-02,1,PUBLIC_HOLIDAY_LABOUR_DAY,1.0668,19.6625,16.5,23.1,69.125,7.0,9,24,CLOUD
SH,2026-05-03,1,PUBLIC_HOLIDAY_LABOUR_DAY,1.0182,18.6417,15.0,21.5,78.5833,18.6,11,24,CLOUD
SH,2026-05-04,0,PUBLIC_HOLIDAY_LABOUR_DAY,1.0246,18.9875,13.6,24.4,67.7083,0.0,0,24,CLOUD
SH,2026-05-05,0,PUBLIC_HOLIDAY_LABOUR_DAY,0.8984,20.9958,15.9,26.5,63.2917,0.0,0,24,CLEAR
SH,2026-05-06,0,NONE,0.9812,20.85,17.1,25.8,64.5833,0.0,0,24,CLEAR
SH,2026-05-07,0,NONE,0.8721,21.1917,16.9,28.7,72.0833,0.4,3,24,CLOUD
SH,2026-05-08,0,NONE,0.8429,17.8917,15.5,20.3,54.0,0.0,0,24,CLOUD
SH,2026-05-09,1,ADJUSTED_WORKDAY,0.8906,18.6625,13.8,23.8,47.9167,0.0,0,24,CLEAR
SH,2026-05-10,1,NONE,0.9104,19.9542,14.9,25.0,63.375,0.0,0,24,CLEAR
SH,2026-05-11,0,NONE,0.9321,22.9792,18.6,28.2,74.7917,0.0,0,24,CLOUD
SH,2026-05-12,0,NONE,0.9891,23.5917,20.0,28.4,77.2917,0.6,4,24,CLOUD
SH,2026-05-13,0,NONE,1.0092,22.475,20.0,26.0,81.5417,0.0,0,24,CLOUD
SH,2026-05-14,0,NONE,1.1424,21.7375,20.6,23.8,88.0833,0.0,0,24,CLOUD
SH,2026-05-15,0,NONE,1.0741,22.4333,20.5,25.5,80.25,0.0,0,24,CLEAR
SH,2026-05-16,1,NONE,1.0234,23.0292,20.4,26.5,75.8333,0.0,0,24,CLEAR
SH,2026-05-17,1,NONE,1.0453,23.3167,20.0,27.1,71.2083,0.0,0,24,CLEAR
SH,2026-05-18,0,NONE,0.8721,23.7125,20.6,27.8,68.5,0.0,0,24,CLOUD
SH,2026-05-19,0,NONE,0.9838,23.5583,21.8,25.8,80.9167,18.8,15,24,RAIN
SH,2026-05-20,0,NONE,0.7908,24.6875,22.4,28.0,88.6667,17.4,23,24,RAIN
SH,2026-05-21,0,NONE,0.8494,23.4333,20.3,26.3,78.375,0.0,0,24,CLOUD
SH,2026-05-22,0,NONE,0.8392,21.7542,18.5,25.1,76.5,0.0,0,24,CLEAR
SH,2026-05-23,1,NONE,0.7806,25.5875,21.4,31.2,82.0,1.1,6,24,CLOUD
SH,2026-05-24,1,NONE,0.8636,23.1375,22.5,24.0,95.125,12.5,16,24,RAIN
SH,2026-05-25,0,NONE,0.9488,25.6,22.9,30.3,89.5417,6.9,13,24,RAIN
SH,2026-05-26,0,NONE,0.8662,26.3583,24.6,28.8,90.1667,19.1,15,24,RAIN
SH,2026-05-27,0,NONE,0.9601,25.6417,23.2,28.7,80.875,0.0,0,24,CLOUD
SH,2026-05-28,0,NONE,0.9388,25.125,23.2,28.2,80.9583,1.1,8,24,CLOUD
SH,2026-05-29,0,LOCAL_EXPO,1.4369,24.3125,21.2,27.3,63.9583,0.0,0,24,CLEAR
SY,2025-12-01,0,NONE,1.0293,-5.6625,-9.5,-0.5,53.4167,0.0,0,24,CLEAR
SY,2025-12-02,0,NONE,0.9588,-11.1708,-13.5,-8.6,35.75,0.0,0,24,CLEAR
SY,2025-12-03,0,NONE,1.0566,-12.7583,-15.6,-9.1,39.5417,0.0,0,24,CLEAR
SY,2025-12-04,0,NONE,0.9497,-8.925,-12.5,-3.7,45.9583,0.0,0,24,CLEAR
SY,2025-12-05,0,NONE,1.0207,-3.7583,-13.0,4.5,57.0833,0.0,0,24,CLEAR
SY,2025-12-06,1,NONE,1.1032,2.1542,-4.3,6.7,66.625,0.0,0,24,CLEAR
SY,2025-12-07,1,NONE,1.0597,-0.6792,-5.0,5.5,65.7917,0.0,0,24,CLEAR
SY,2025-12-08,0,NONE,1.0401,-3.425,-7.2,0.8,50.0833,0.0,0,24,CLEAR
SY,2025-12-09,0,NONE,1.1497,-5.45,-8.7,0.9,59.875,0.0,0,24,CLEAR
SY,2025-12-10,0,NONE,1.0652,-4.5917,-8.4,0.2,64.0833,1.8,7,24,CLOUD
SY,2025-12-11,0,NONE,1.1418,-10.0833,-15.7,-5.9,36.5,0.0,0,24,CLEAR
SY,2025-12-12,0,NONE,1.0486,-11.5417,-17.2,-6.8,46.0417,0.0,0,24,CLOUD
SY,2025-12-13,1,NONE,1.018,-7.1375,-11.4,-4.2,59.7917,0.2,2,24,CLOUD
SY,2025-12-14,1,LOCAL_EXPO,1.4124,-9.0333,-13.5,-3.0,61.375,0.0,0,24,CLEAR
SY,2025-12-15,0,LOCAL_EXPO,1.512,-3.4083,-10.0,3.7,67.5417,0.2,2,24,CLOUD
SY,2025-12-16,0,LOCAL_EXPO,1.6096,-4.1583,-9.6,-0.8,56.8333,0.0,0,24,CLEAR
SY,2025-12-17,0,NONE,1.1487,-8.0958,-13.1,-1.9,48.1667,0.0,0,24,CLEAR
SY,2025-12-18,0,NONE,1.1796,-0.4792,-8.0,5.7,60.25,0.0,0,24,CLEAR
SY,2025-12-19,0,NONE,1.0518,4.8625,-2.3,8.2,77.0,3.6,8,24,CLOUD
SY,2025-12-20,1,NONE,1.0029,-3.3417,-8.3,-1.3,39.375,0.0,0,24,CLOUD
SY,2025-12-21,1,NONE,0.944,-8.1917,-10.9,-3.8,44.1667,0.0,0,24,CLEAR
SY,2025-12-22,0,NONE,1.0576,-4.2417,-11.4,2.2,50.25,0.0,0,24,CLEAR
SY,2025-12-23,0,NONE,1.0361,-0.8625,-8.1,2.3,77.9583,10.2,11,24,SNOW
SY,2025-12-24,0,NONE,0.9415,-9.2208,-13.9,-3.6,47.9167,0.0,0,24,CLEAR
SY,2025-12-25,0,NONE,1.0071,-12.7917,-17.0,-10.1,43.6667,0.0,0,24,CLEAR
SY,2025-12-26,0,NONE,1.2025,-15.5333,-19.2,-10.6,41.875,0.0,0,24,CLEAR
SY,2025-12-27,1,NONE,1.1489,-8.5875,-15.3,-1.9,66.5,0.0,0,24,CLEAR
SY,2025-12-28,1,NONE,1.0072,-0.475,-8.7,4.5,75.375,0.2,2,24,CLOUD
SY,2025-12-29,0,NONE,1.0638,-5.2083,-9.7,-0.8,41.75,0.0,0,24,CLEAR
SY,2025-12-30,0,NONE,0.9741,-10.3417,-14.9,-5.0,41.75,0.0,0,24,CLEAR
SY,2025-12-31,0,NONE,1.0797,-13.8333,-18.0,-9.3,43.6667,0.0,0,24,CLEAR
SY,2026-01-01,0,PUBLIC_HOLIDAY_NEW_YEAR,1.0495,-15.9833,-19.9,-10.3,52.1667,0.0,0,24,CLEAR
SY,2026-01-02,0,PUBLIC_HOLIDAY_NEW_YEAR,1.0814,-15.075,-19.8,-8.7,53.8333,0.0,0,24,CLEAR
SY,2026-01-03,1,PUBLIC_HOLIDAY_NEW_YEAR,1.2545,-12.3792,-17.0,-5.0,55.9583,0.0,0,24,CLEAR
SY,2026-01-04,1,ADJUSTED_WORKDAY,1.0707,-11.05,-16.6,-3.4,69.2083,0.0,0,24,CLEAR
SY,2026-01-05,0,NONE,1.0415,-10.4958,-15.7,-3.3,62.5417,0.0,0,24,CLEAR
SY,2026-01-06,0,NONE,1.1017,-5.1292,-11.0,1.8,55.9583,0.0,0,24,CLEAR
SY,2026-01-07,0,NONE,1.206,-7.85,-13.9,-4.9,37.6667,0.0,0,24,CLEAR
SY,2026-01-08,0,NONE,1.1064,-10.3542,-18.9,-3.4,46.1667,0.0,0,24,CLEAR
SY,2026-01-09,0,NONE,1.0256,-1.7375,-5.3,2.9,74.9167,2.9,5,24,CLOUD
SY,2026-01-10,1,NONE,1.1044,-9.4875,-14.6,-4.2,60.5,2.4,9,24,SNOW
SY,2026-01-11,1,NONE,1.0754,-14.0042,-17.0,-10.1,46.2083,0.0,0,24,CLEAR
SY,2026-01-12,0,NONE,1.0578,-7.3167,-13.2,-1.8,56.7083,0.0,0,24,CLOUD
SY,2026-01-13,0,NONE,0.9949,-12.6375,-16.6,-9.5,42.2917,0.0,0,24,CLEAR
SY,2026-01-14,0,NONE,0.9763,-9.275,-17.4,-4.1,56.9167,0.2,2,24,CLOUD
SY,2026-01-15,0,NONE,0.9799,-6.9,-13.0,-3.5,73.6667,0.3,3,24,CLOUD
SY,2026-01-16,0,NONE,0.9772,-12.5042,-15.8,-8.4,54.9583,0.8,5,24,CLEAR
SY,2026-01-17,1,NONE,0.9975,-15.3708,-20.2,-11.6,47.9583,0.0,0,24,CLEAR
SY,2026-01-18,1,NONE,1.1111,-14.8958,-18.0,-11.9,49.125,0.2,2,24,CLOUD
SY,2026-01-19,0,NONE,0.966,-18.3458,-22.5,-15.3,42.3333,0.0,0,24,CLEAR
SY,2026-01-20,0,NONE,0.9388,-19.7,-24.2,-14.5,50.4583,0.0,0,24,CLEAR
SY,2026-01-21,0,NONE,0.9578,-18.9625,-23.2,-13.2,51.0417,0.0,0,24,CLEAR
SY,2026-01-22,0,NONE,0.9783,-17.0292,-22.2,-10.3,49.8333,0.0,0,24,CLEAR
SY,2026-01-23,0,NONE,0.9956,-15.3042,-21.3,-8.3,47.0833,0.0,0,24,CLEAR
SY,2026-01-24,1,NONE,1.0424,-15.5667,-21.4,-8.3,48.9583,0.0,0,24,CLEAR
SY,2026-01-25,1,NONE,0.9447,-15.2208,-20.3,-9.6,50.4167,0.0,0,24,CLEAR
SY,2026-01-26,0,NONE,0.9854,-12.3,-15.8,-6.7,51.7083,0.0,0,24,CLEAR
SY,2026-01-27,0,NONE,0.9252,-12.5333,-16.2,-6.9,49.0,0.0,0,24,CLEAR
SY,2026-01-28,0,LOCAL_EXPO,1.3469,-15.0792,-19.5,-8.7,55.2917,0.0,0,24,CLEAR
SY,2026-01-29,0,LOCAL_EXPO,1.349,-15.8583,-21.5,-9.1,56.1667,0.0,0,24,CLEAR
SY,2026-01-30,0,LOCAL_EXPO,1.3078,-15.3583,-20.8,-8.8,52.25,0.0,0,24,CLEAR
SY,2026-01-31,1,NONE,0.8866,-12.8042,-18.7,-5.8,51.125,0.0,0,24,CLEAR
SY,2026-02-01,1,NONE,0.9604,-10.8583,-17.3,-2.7,60.375,0.0,0,24,CLEAR
SY,2026-02-02,0,NONE,1.0932,-10.325,-16.7,-3.8,49.4583,0.0,0,24,CLEAR
SY,2026-02-03,0,NONE,1.1009,-1.7208,-9.9,6.2,51.125,0.0,0,24,CLEAR
SY,2026-02-04,0,NONE,0.9494,-1.1667,-4.7,2.5,61.7083,0.0,0,24,CLOUD
SY,2026-02-05,0,NONE,0.9596,-8.6833,-15.4,-4.0,35.4583,0.0,0,24,CLEAR
SY,2026-02-06,0,NONE,0.8503,-16.1667,-19.4,-12.9,30.875,0.0,0,24,CLEAR
SY,2026-02-07,1,NONE,0.9641,-16.3083,-20.7,-11.2,36.0,0.0,0,24,CLEAR
SY,2026-02-08,1,NONE,0.9681,-12.4167,-20.2,-5.2,42.875,0.0,0,24,CLEAR
SY,2026-02-09,0,NONE,0.9756,-2.0167,-9.9,5.6,46.75,0.0,0,24,CLEAR
SY,2026-02-10,0,NONE,0.8971,-0.1583,-7.1,3.4,51.4167,0.0,0,24,CLOUD
SY,2026-02-11,0,NONE,0.9414,-3.025,-10.2,4.9,45.9583,0.0,0,24,CLEAR
SY,2026-02-12,0,NONE,1.0861,-0.9792,-7.4,7.9,62.2083,0.0,0,24,CLEAR
SY,2026-02-13,0,NONE,1.0052,2.0417,-5.0,11.5,65.7917,0.0,0,24,CLEAR
SY,2026-02-14,1,ADJUSTED_WORKDAY,0.8209,3.625,-0.6,8.9,50.6667,0.0,0,24,CLOUD
SY,2026-02-15,1,PUBLIC_HOLIDAY_SPRING_FESTIVAL,0.838,-2.7875,-6.7,1.0,35.0417,0.0,0,24,CLEAR
SY,2026-02-16,0,PUBLIC_HOLIDAY_SPRING_FESTIVAL,0.9629,-4.2,-8.7,1.5,38.9167,0.0,0,24,CLEAR
SY,2026-02-17,0,PUBLIC_HOLIDAY_SPRING_FESTIVAL,0.9074,-1.0583,-8.7,7.5,42.0833,0.0,0,24,CLEAR
SY,2026-02-18,0,PUBLIC_HOLIDAY_SPRING_FESTIVAL,0.9823,-2.7042,-5.5,1.0,53.4583,0.0,0,24,CLEAR
SY,2026-02-19,0,PUBLIC_HOLIDAY_SPRING_FESTIVAL,1.0389,2.4792,-3.7,10.7,49.6667,0.0,0,24,CLEAR
SY,2026-02-20,0,PUBLIC_HOLIDAY_SPRING_FESTIVAL,1.064,6.175,0.9,12.9,55.3333,0.0,0,24,CLOUD
SY,2026-02-21,1,PUBLIC_HOLIDAY_SPRING_FESTIVAL,0.9509,8.5833,4.5,13.4,65.5,0.0,0,24,CLOUD
SY,2026-02-22,1,PUBLIC_HOLIDAY_SPRING_FESTIVAL,0.86,-0.525,-5.8,6.4,27.75,0.0,0,24,CLEAR
SY,2026-02-23,0,PUBLIC_HOLIDAY_SPRING_FESTIVAL,0.9493,-5.1458,-8.7,-0.7,22.5417,0.0,0,24,CLEAR
SY,2026-02-24,0,NONE,1.0339,-3.175,-8.4,4.1,30.5833,0.0,0,24,CLEAR
SY,2026-02-25,0,NONE,1.03,3.9042,-2.3,10.5,60.8333,0.0,0,24,CLOUD
SY,2026-02-26,0,NONE,0.9935,-1.0292,-4.2,2.5,50.0,1.1,10,24,SNOW
SY,2026-02-27,0,NONE,1.0132,-1.7,-4.4,2.2,40.1667,1.6,6,24,CLEAR
SY,2026-02-28,1,ADJUSTED_WORKDAY,1.1226,-2.1542,-6.8,2.1,36.625,0.0,0,24,CLOUD
SY,2026-03-01,1,NONE,1.2175,0.1667,-2.2,3.3,39.0417,0.0,0,24,CLOUD
SY,2026-03-02,0,NONE,1.131,2.3125,-1.9,7.6,50.9167,0.0,0,24,CLOUD
SY,2026-03-03,0,NONE,1.1174,-0.4542,-5.5,1.9,80.7917,3.4,7,24,CLOUD
SY,2026-03-04,0,NONE,0.9632,-4.0833,-7.8,0.3,58.2083,0.0,0,24,CLEAR
SY,2026-03-05,0,NONE,1.1042,-2.2292,-5.2,1.4,44.625,0.2,2,24,CLOUD
SY,2026-03-06,0,NONE,1.0929,-4.5583,-8.1,-0.7,38.7083,0.0,0,24,CLEAR
SY,2026-03-07,1,NONE,0.9354,-4.575,-11.4,1.5,35.9583,0.0,0,24,CLEAR
SY,2026-03-08,1,NONE,0.8809,-0.2625,-6.9,7.2,43.0417,0.0,0,24,CLEAR
SY,2026-03-09,0,NONE,1.003,-0.3,-5.0,5.1,39.5,0.0,0,24,CLEAR
SY,2026-03-10,0,NONE,1.05,2.6292,-5.4,10.7,41.2917,0.0,0,24,CLOUD
SY,2026-03-11,0,NONE,0.9738,3.1833,-2.2,9.9,49.5,0.0,0,24,CLEAR
SY,2026-03-12,0,NONE,0.9782,2.1667,-5.1,10.4,45.0833,0.0,0,24,CLEAR
SY,2026-03-13,0,NONE,0.9993,4.9792,-3.6,12.5,47.125,0.2,1,24,CLOUD
SY,2026-03-14,1,LOCAL_EXPO,1.3089,1.0042,-4.9,4.7,44.5,0.4,2,24,CLOUD
SY,2026-03-15,1,LOCAL_EXPO,1.4652,0.05,-9.1,9.1,40.5417,0.0,0,24,CLEAR
SY,2026-03-16,0,LOCAL_EXPO,1.4274,1.6167,-6.8,9.6,37.75,0.0,0,24,CLEAR
SY,2026-03-17,0,NONE,1.0017,5.9083,-3.3,14.2,41.5,0.0,0,24,CLOUD
SY,2026-03-18,0,NONE,0.887,1.1667,-2.4,4.8,49.6667,4.7,9,24,CLEAR
SY,2026-03-19,0,NONE,0.8844,3.525,-5.6,12.2,45.5417,0.0,0,24,CLEAR
SY,2026-03-20,0,NONE,0.9517,1.6042,-2.9,6.8,38.1667,0.0,0,24,CLEAR
SY,2026-03-21,1,NONE,1.068,6.9833,-3.8,16.1,48.1667,0.0,0,24,CLEAR
SY,2026-03-22,1,NONE,0.9521,6.6125,-0.1,9.3,74.625,6.0,10,24,CLOUD
SY,2026-03-23,0,NONE,0.8817,5.0125,-1.1,14.5,65.4583,0.0,0,24,CLOUD
SY,2026-03-24,0,NONE,0.8676,9.1333,0.5,17.9,41.5417,0.0,0,24,CLEAR
SY,2026-03-25,0,NONE,0.8442,11.1667,5.6,18.1,42.5,0.0,0,24,CLEAR
SY,2026-03-26,0,NONE,0.9744,10.1542,-1.2,20.4,56.2917,0.1,1,24,CLEAR
SY,2026-03-27,0,NONE,1.1558,8.4917,1.9,15.5,45.9583,0.0,0,24,CLEAR
SY,2026-03-28,1,NONE,0.9974,10.1292,0.2,19.7,45.4167,0.0,0,24,CLEAR
SY,2026-03-29,1,NONE,0.9291,9.1958,6.7,13.6,67.2917,7.0,17,24,RAIN
SY,2026-03-30,0,NONE,0.9278,7.4417,0.6,13.6,56.2917,0.0,0,24,CLOUD
SY,2026-03-31,0,NONE,1.0755,7.9917,-1.2,16.2,44.0833,0.0,0,24,CLEAR
SY,2026-04-01,0,NONE,0.9397,7.3833,1.0,13.0,32.625,0.0,0,24,CLEAR
SY,2026-04-02,0,NONE,0.9718,7.4917,-4.2,17.0,38.0417,0.0,0,24,CLEAR
SY,2026-04-03,0,NONE,1.1557,9.9333,1.8,16.7,64.7917,14.9,9,24,CLOUD
SY,2026-04-04,1,PUBLIC_HOLIDAY_QINGMING,0.9494,5.4667,0.6,10.1,63.1667,1.1,3,24,CLEAR
SY,2026-04-05,1,PUBLIC_HOLIDAY_QINGMING,0.9319,7.725,2.1,15.0,65.0417,4.7,7,24,CLOUD
SY,2026-04-06,0,PUBLIC_HOLIDAY_QINGMING,1.068,5.1958,2.4,9.2,46.0,1.2,4,24,CLEAR
SY,2026-04-07,0,NONE,0.9243,5.7625,0.1,11.5,42.4583,0.0,0,24,CLEAR
SY,2026-04-08,0,NONE,1.0847,10.8417,1.4,18.5,46.0417,0.0,0,24,CLEAR
SY,2026-04-09,0,NONE,0.9832,10.7583,8.5,12.9,63.0417,2.8,11,24,CLOUD
SY,2026-04-10,0,NONE,0.961,9.3333,7.4,13.1,82.75,3.4,14,24,RAIN
SY,2026-04-11,1,NONE,0.9974,9.4125,2.8,15.1,34.625,0.0,0,24,CLEAR
SY,2026-04-12,1,NONE,0.9111,13.5917,5.2,22.1,39.1667,0.0,0,24,CLEAR
SY,2026-04-13,0,NONE,1.0542,11.2458,3.6,16.9,29.5,0.0,0,24,CLEAR
SY,2026-04-14,0,NONE,1.0309,11.4917,6.2,19.1,51.5417,1.8,5,24,CLEAR
SY,2026-04-15,0,NONE,1.051,12.7417,3.0,23.2,69.6667,0.0,0,24,CLEAR
SY,2026-04-16,0,NONE,1.0188,17.8917,11.0,25.1,49.125,0.0,0,24,CLOUD
SY,2026-04-17,0,NONE,0.9151,15.4,12.0,19.4,69.125,2.2,6,24,CLOUD
SY,2026-04-18,1,NONE,0.8412,15.6083,7.9,22.0,73.0417,0.0,0,24,CLEAR
SY,2026-04-19,1,NONE,0.8221,19.1208,11.6,27.0,52.5833,0.2,2,24,CLOUD
SY,2026-04-20,0,NONE,0.9026,10.3333,4.6,16.5,42.125,1.8,6,24,CLEAR
SY,2026-04-21,0,NONE,0.9335,15.5542,4.5,25.1,39.9583,0.0,0,24,CLEAR
SY,2026-04-22,0,NONE,1.0284,12.0542,5.2,17.4,38.2917,0.0,0,24,CLEAR
SY,2026-04-23,0,NONE,1.0182,14.3292,3.5,23.9,32.2083,0.0,0,24,CLEAR
SY,2026-04-24,0,NONE,1.1583,17.8042,10.4,25.3,39.5,0.0,0,24,CLOUD
SY,2026-04-25,1,NONE,1.0913,19.3,11.1,26.5,48.5833,0.4,2,24,CLEAR
SY,2026-04-26,1,NONE,1.1272,14.7292,9.3,18.8,55.8333,6.5,7,24,CLEAR
SY,2026-04-27,0,NONE,1.0588,12.7333,7.0,17.4,45.375,0.0,0,24,CLOUD
SY,2026-04-28,0,LOCAL_EXPO,1.4255,12.975,8.1,17.3,40.2917,0.0,0,24,CLOUD
SY,2026-04-29,0,LOCAL_EXPO,1.3631,15.675,6.4,24.2,42.4167,0.0,0,24,CLEAR
SY,2026-04-30,0,LOCAL_EXPO,1.3043,17.9167,8.1,25.9,35.0,0.0,0,24,CLEAR
SY,2026-05-01,0,PUBLIC_HOLIDAY_LABOUR_DAY,0.9045,16.2917,8.3,23.8,42.7917,0.0,0,24,CLEAR
SY,2026-05-02,1,PUBLIC_HOLIDAY_LABOUR_DAY,1.0719,15.0375,7.2,22.4,43.5417,0.9,3,24,CLOUD
SY,2026-05-03,1,PUBLIC_HOLIDAY_LABOUR_DAY,0.9753,13.3875,8.7,17.9,50.9583,2.0,6,24,CLEAR
SY,2026-05-04,0,PUBLIC_HOLIDAY_LABOUR_DAY,1.1538,15.5,4.0,24.4,38.7083,0.0,0,24,CLEAR
SY,2026-05-05,0,PUBLIC_HOLIDAY_LABOUR_DAY,0.9625,20.2125,15.0,26.7,38.0,0.0,0,24,CLOUD
SY,2026-05-06,0,NONE,0.9303,14.9167,11.6,19.7,78.9167,21.4,14,24,RAIN
SY,2026-05-07,0,NONE,0.9876,12.5458,6.8,16.2,69.8333,2.9,7,24,CLEAR
SY,2026-05-08,0,NONE,1.0592,13.525,4.7,20.9,49.9167,0.0,0,24,CLEAR
SY,2026-05-09,1,ADJUSTED_WORKDAY,1.088,16.4458,7.4,23.2,44.0833,1.1,5,24,CLOUD
SY,2026-05-10,1,NONE,1.1291,16.0333,12.2,19.4,67.375,9.2,13,24,RAIN
SY,2026-05-11,0,NONE,1.0802,18.7042,11.0,26.5,61.5417,0.0,0,24,CLEAR
SY,2026-05-12,0,NONE,1.0264,20.9667,12.5,28.5,58.125,0.0,0,24,CLEAR
SY,2026-05-13,0,NONE,1.0614,21.3292,16.3,26.8,51.5833,0.0,0,24,CLEAR
SY,2026-05-14,0,NONE,1.0112,23.125,15.9,31.0,43.75,0.0,0,24,CLEAR
SY,2026-05-15,0,NONE,1.0358,23.225,16.1,30.6,46.5417,0.0,0,24,CLOUD
SY,2026-05-16,1,NONE,1.0386,21.6417,14.2,28.0,57.7917,0.0,0,24,CLOUD
SY,2026-05-17,1,NONE,0.9855,20.9042,15.9,26.0,59.375,0.4,2,24,CLOUD
SY,2026-05-18,0,NONE,0.955,18.125,16.8,19.2,80.3333,7.0,15,24,RAIN
SY,2026-05-19,0,NONE,0.8871,18.2375,16.8,20.5,86.1667,2.9,8,24,CLOUD
SY,2026-05-20,0,NONE,0.8688,20.2583,15.4,24.9,72.3333,0.0,0,24,CLOUD
SY,2026-05-21,0,NONE,0.9624,22.375,15.7,28.8,62.1667,0.0,0,24,CLEAR
SY,2026-05-22,0,NONE,1.0322,20.8542,16.4,25.0,59.0,1.5,4,24,CLOUD
SY,2026-05-23,1,NONE,1.0385,18.9958,16.8,22.5,77.4167,5.0,13,24,RAIN
SY,2026-05-24,1,NONE,0.9491,21.95,17.0,27.6,68.7917,0.0,0,24,CLOUD
SY,2026-05-25,0,NONE,0.9446,20.6708,16.8,24.3,74.0417,1.4,3,24,CLOUD
SY,2026-05-26,0,NONE,0.9327,21.7542,14.0,27.9,66.7917,0.0,0,24,CLOUD
SY,2026-05-27,0,NONE,0.989,21.7667,18.4,25.0,72.1667,0.7,5,24,CLOUD
SY,2026-05-28,0,NONE,1.0212,21.6792,15.3,26.7,56.7083,0.0,0,24,CLEAR
SY,2026-05-29,0,NONE,1.0644,23.5042,13.8,31.9,41.4583,0.0,0,24,CLEAR
SZ,2025-12-01,0,NONE,1.1268,21.6708,19.5,25.7,81.4583,2.9,7,24,CLOUD
SZ,2025-12-02,0,NONE,1.2167,21.9917,21.0,23.6,82.75,3.2,14,24,RAIN
SZ,2025-12-03,0,NONE,1.082,20.625,19.2,22.6,65.5417,0.7,6,24,CLOUD
SZ,2025-12-04,0,NONE,0.9921,19.4458,17.6,21.8,67.7083,0.0,0,24,CLOUD
SZ,2025-12-05,0,NONE,0.905,20.225,17.7,23.8,73.8333,0.0,0,24,CLEAR
SZ,2025-12-06,1,NONE,0.8466,19.3,16.9,23.2,74.375,0.0,0,24,CLEAR
SZ,2025-12-07,1,NONE,1.0106,20.3542,17.1,24.7,75.75,0.0,0,24,CLOUD
SZ,2025-12-08,0,NONE,0.8766,21.3833,19.2,25.4,64.125,0.0,0,24,CLEAR
SZ,2025-12-09,0,NONE,0.9159,20.2958,17.9,24.4,72.4583,0.0,0,24,CLEAR
SZ,2025-12-10,0,NONE,0.8245,20.1333,19.0,21.6,78.2083,1.0,4,24,CLOUD
SZ,2025-12-11,0,NONE,0.8901,22.0667,19.4,26.4,75.375,0.0,0,24,CLEAR
SZ,2025-12-12,0,NONE,0.8618,21.375,20.2,23.6,71.2917,0.0,0,24,CLOUD
SZ,2025-12-13,1,NONE,0.8955,19.2458,15.0,22.3,74.875,0.7,7,24,CLOUD
SZ,2025-12-14,1,NONE,0.886,15.5958,13.6,18.4,47.9167,0.0,0,24,CLOUD
SZ,2025-12-15,0,NONE,0.9399,16.1542,12.6,20.5,57.875,0.0,0,24,CLEAR
SZ,2025-12-16,0,NONE,0.8713,19.2667,16.5,23.6,69.2917,0.0,0,24,CLEAR
SZ,2025-12-17,0,NONE,0.9335,20.7417,16.5,26.4,69.3333,0.0,0,24,CLEAR
SZ,2025-12-18,0,NONE,0.8898,20.1292,17.4,24.5,64.9583,0.0,0,24,CLEAR
SZ,2025-12-19,0,NONE,0.9133,20.4,17.8,23.8,78.2917,5.2,9,24,CLOUD
SZ,2025-12-20,1,NONE,0.9696,22.1083,20.0,25.7,73.5,0.0,0,24,CLEAR
SZ,2025-12-21,1,NONE,1.0244,21.7875,18.6,26.1,76.7917,0.0,0,24,CLEAR
SZ,2025-12-22,0,NONE,0.9408,19.6458,17.7,22.4,74.2083,0.0,0,24,CLEAR
SZ,2025-12-23,0,NONE,1.0166,19.8917,18.2,22.6,73.5,0.0,0,24,CLEAR
SZ,2025-12-24,0,NONE,0.9843,21.0625,17.4,25.8,78.375,0.1,1,24,CLEAR
SZ,2025-12-25,0,NONE,0.9574,15.9708,13.7,20.6,64.4583,0.0,0,24,CLOUD
SZ,2025-12-26,0,NONE,0.913,13.1042,12.3,13.8,57.0,0.0,0,24,CLOUD
SZ,2025-12-27,1,NONE,0.9487,15.8,12.4,20.3,66.625,0.0,0,24,CLEAR
SZ,2025-12-28,1,NONE,1.0132,17.3167,14.4,21.6,74.375,0.0,0,24,CLEAR
SZ,2025-12-29,0,NONE,0.9612,17.6458,14.4,22.2,77.7083,0.0,0,24,CLEAR
SZ,2025-12-30,0,NONE,0.8719,17.9542,13.9,23.5,76.875,0.0,0,24,CLEAR
SZ,2025-12-31,0,NONE,0.8365,18.1167,16.2,21.2,80.0417,0.0,0,24,CLOUD
SZ,2026-01-01,0,PUBLIC_HOLIDAY_NEW_YEAR,0.9197,17.9792,14.9,22.1,70.9583,0.4,4,24,CLEAR
SZ,2026-01-02,0,PUBLIC_HOLIDAY_NEW_YEAR,0.8977,13.8,11.2,17.1,54.5,0.0,0,24,CLEAR
SZ,2026-01-03,1,PUBLIC_HOLIDAY_NEW_YEAR,0.8199,12.7583,9.0,17.0,57.9583,0.0,0,24,CLEAR
SZ,2026-01-04,1,ADJUSTED_WORKDAY,0.8745,15.8708,12.3,20.5,66.4167,0.0,0,24,CLEAR
SZ,2026-01-05,0,NONE,1.0241,16.3917,12.9,20.9,63.6667,0.0,0,24,CLEAR
SZ,2026-01-06,0,NONE,0.9912,12.35,10.2,15.5,54.2083,0.0,0,24,CLEAR
SZ,2026-01-07,0,LOCAL_EXPO,1.3422,12.2,9.0,16.5,44.5417,0.0,0,24,CLEAR
SZ,2026-01-08,0,LOCAL_EXPO,1.3727,13.4875,9.9,18.4,37.4167,0.0,0,24,CLEAR
SZ,2026-01-09,0,LOCAL_EXPO,1.4182,13.8333,10.2,19.3,43.875,0.0,0,24,CLEAR
SZ,2026-01-10,1,NONE,1.0342,15.0917,10.0,21.4,51.5417,0.0,0,24,CLEAR
SZ,2026-01-11,1,NONE,1.0986,16.0833,12.3,20.9,42.5,0.0,0,24,CLEAR
SZ,2026-01-12,0,NONE,0.9443,16.1875,13.7,20.2,64.5,0.0,0,24,CLEAR
SZ,2026-01-13,0,NONE,0.9747,17.4167,12.8,23.8,69.0417,0.0,0,24,CLEAR
SZ,2026-01-14,0,NONE,1.0581,17.6667,14.7,22.6,68.5833,0.0,0,24,CLEAR
SZ,2026-01-15,0,NONE,1.1184,17.925,14.3,24.1,73.5417,0.0,0,24,CLEAR
SZ,2026-01-16,0,NONE,1.0926,18.15,13.5,24.4,73.3333,0.0,0,24,CLEAR
SZ,2026-01-17,1,NONE,1.137,19.4583,15.1,25.1,63.7083,0.0,0,24,CLEAR
SZ,2026-01-18,1,NONE,1.125,19.5583,17.0,24.0,62.75,0.0,0,24,CLEAR
SZ,2026-01-19,0,NONE,1.1743,18.7042,15.5,23.6,80.8333,0.0,0,24,CLEAR
SZ,2026-01-20,0,NONE,1.1201,18.3333,15.8,20.6,73.125,0.3,3,24,CLOUD
SZ,2026-01-21,0,NONE,1.1741,13.2875,11.3,15.4,58.0833,0.0,0,24,CLOUD
SZ,2026-01-22,0,NONE,0.9897,11.2958,9.7,14.0,62.0,0.0,0,24,CLOUD
SZ,2026-01-23,0,NONE,0.9724,11.6667,9.5,14.1,64.4583,0.2,2,24,CLOUD
SZ,2026-01-24,1,NONE,1.0972,15.6125,11.7,20.5,68.25,0.0,0,24,CLEAR
SZ,2026-01-25,1,NONE,0.9905,17.5875,15.1,21.4,78.1667,0.0,0,24,CLEAR
SZ,2026-01-26,0,NONE,1.0525,19.4667,17.5,23.3,78.25,0.0,0,24,CLEAR
SZ,2026-01-27,0,NONE,1.1167,20.1292,17.1,24.6,75.625,0.0,0,24,CLEAR
SZ,2026-01-28,0,NONE,0.8628,18.1792,15.1,21.7,68.2083,0.0,0,24,CLEAR
SZ,2026-01-29,0,NONE,1.0138,18.2042,15.9,20.9,74.1667,0.4,3,24,CLEAR
SZ,2026-01-30,0,NONE,1.0653,19.2833,17.5,21.5,76.7083,2.2,20,24,RAIN
SZ,2026-01-31,1,NONE,1.0885,16.8167,13.9,19.4,78.7083,3.2,13,24,RAIN
SZ,2026-02-01,1,NONE,0.9843,14.5458,11.7,17.9,66.7083,0.5,4,24,CLOUD
SZ,2026-02-02,0,NONE,1.049,16.1375,11.9,20.9,57.5417,0.0,0,24,CLEAR
SZ,2026-02-03,0,NONE,1.1734,17.1042,14.3,20.8,65.625,0.0,0,24,CLOUD
SZ,2026-02-04,0,NONE,1.0884,18.7917,16.4,22.7,75.125,0.0,0,24,CLOUD
SZ,2026-02-05,0,NONE,1.26,20.2417,16.9,25.5,78.0417,0.0,0,24,CLEAR
SZ,2026-02-06,0,NONE,1.1419,20.8042,17.2,26.1,79.0833,0.0,0,24,CLEAR
SZ,2026-02-07,1,NONE,1.0901,20.1,18.0,23.2,67.4167,0.0,0,24,CLEAR
SZ,2026-02-08,1,NONE,1.1101,16.1,14.0,18.4,53.9167,0.0,0,24,CLEAR
SZ,2026-02-09,0,NONE,1.0353,15.65,13.2,17.8,66.4167,0.0,0,24,CLOUD
SZ,2026-02-10,0,NONE,0.9195,18.2083,16.1,21.4,74.4583,0.0,0,24,CLOUD
SZ,2026-02-11,0,NONE,0.9651,20.3833,16.7,25.2,74.25,0.0,0,24,CLEAR
SZ,2026-02-12,0,NONE,0.884,19.2583,17.3,22.2,75.9167,0.0,0,24,CLEAR
SZ,2026-02-13,0,NONE,0.9923,20.1917,17.1,24.4,73.8333,0.0,0,24,CLOUD
SZ,2026-02-14,1,ADJUSTED_WORKDAY,0.9607,20.8167,16.5,26.4,78.625,0.0,0,24,CLEAR
SZ,2026-02-15,1,PUBLIC_HOLIDAY_SPRING_FESTIVAL,0.9723,21.6833,18.4,26.1,84.2917,0.0,0,24,CLEAR
SZ,2026-02-16,0,PUBLIC_HOLIDAY_SPRING_FESTIVAL,0.8353,23.1375,20.0,27.6,82.125,0.2,2,24,CLOUD
SZ,2026-02-17,0,PUBLIC_HOLIDAY_SPRING_FESTIVAL,0.8305,19.8875,18.0,22.4,61.25,0.2,1,24,CLOUD
SZ,2026-02-18,0,PUBLIC_HOLIDAY_SPRING_FESTIVAL,0.9131,18.6667,15.6,23.0,59.6667,0.0,0,24,CLEAR
SZ,2026-02-19,0,PUBLIC_HOLIDAY_SPRING_FESTIVAL,0.9693,19.1208,16.0,23.2,70.625,0.0,0,24,CLEAR
SZ,2026-02-20,0,PUBLIC_HOLIDAY_SPRING_FESTIVAL,0.942,20.7875,17.5,25.5,70.5833,0.0,0,24,CLEAR
SZ,2026-02-21,1,PUBLIC_HOLIDAY_SPRING_FESTIVAL,1.0999,20.5708,16.9,24.5,81.1667,0.2,2,24,CLEAR
SZ,2026-02-22,1,PUBLIC_HOLIDAY_SPRING_FESTIVAL,1.0692,22.225,19.0,26.8,76.125,0.0,0,24,CLEAR
SZ,2026-02-23,0,PUBLIC_HOLIDAY_SPRING_FESTIVAL,0.967,21.4,18.6,25.0,79.2917,0.0,0,24,CLEAR
SZ,2026-02-24,0,NONE,1.0891,22.7042,20.7,26.1,80.7083,0.2,2,24,CLOUD
SZ,2026-02-25,0,NONE,1.0942,22.6333,20.9,25.7,83.0417,0.0,0,24,CLOUD
SZ,2026-02-26,0,NONE,1.1068,21.7208,20.5,23.5,83.5833,0.0,0,24,CLOUD
SZ,2026-02-27,0,NONE,0.9576,22.7667,20.8,25.8,85.4583,1.3,6,24,CLOUD
SZ,2026-02-28,1,ADJUSTED_WORKDAY,1.1247,20.9375,20.2,22.2,90.625,14.6,17,24,RAIN
SZ,2026-03-01,1,NONE,1.0658,21.7792,20.1,23.6,89.0833,0.0,0,24,CLOUD
SZ,2026-03-02,0,NONE,0.9118,23.5,21.8,26.2,91.7917,7.6,15,24,RAIN
SZ,2026-03-03,0,NONE,0.9916,18.2292,15.4,21.6,85.5,20.1,17,24,RAIN
SZ,2026-03-04,0,NONE,0.8983,15.825,14.2,17.9,86.5,28.5,20,24,RAIN
SZ,2026-03-05,0,NONE,0.9215,18.5375,15.3,23.0,79.6667,1.0,6,24,CLOUD
SZ,2026-03-06,0,NONE,0.9216,19.2125,16.2,23.1,68.3333,0.0,0,24,CLOUD
SZ,2026-03-07,1,NONE,0.9965,19.4167,17.4,23.1,74.8333,0.0,0,24,CLEAR
SZ,2026-03-08,1,NONE,1.0205,19.2583,16.6,23.1,71.2083,0.0,0,24,CLEAR
SZ,2026-03-09,0,NONE,1.0121,20.2375,18.1,23.2,72.4167,0.2,2,24,CLOUD
SZ,2026-03-10,0,NONE,0.991,16.7292,15.5,17.9,75.1667,1.3,9,24,CLOUD
SZ,2026-03-11,0,NONE,0.95,18.6667,16.7,21.5,73.3333,0.0,0,24,CLOUD
SZ,2026-03-12,0,NONE,1.0342,20.0167,15.9,25.4,71.5833,0.0,0,24,CLEAR
SZ,2026-03-13,0,NONE,1.0572,18.7125,16.9,22.0,54.0,0.0,0,24,CLEAR
SZ,2026-03-14,1,NONE,1.1189,18.925,15.2,23.5,65.9167,0.0,0,24,CLEAR
SZ,2026-03-15,1,NONE,1.0515,20.2167,16.8,24.6,72.6667,0.0,0,24,CLEAR
SZ,2026-03-16,0,NONE,1.013,20.925,17.4,25.2,68.4167,0.0,0,24,CLEAR
SZ,2026-03-17,0,NONE,1.2043,21.9583,19.3,25.3,77.7083,0.1,1,24,CLEAR
SZ,2026-03-18,0,NONE,1.0803,22.9208,19.9,27.2,79.2917,0.1,1,24,CLEAR
SZ,2026-03-19,0,NONE,1.1712,23.1,19.8,26.9,80.8333,0.0,0,24,CLOUD
SZ,2026-03-20,0,NONE,1.1645,22.575,21.0,24.8,79.9167,0.0,0,24,CLOUD
SZ,2026-03-21,1,NONE,1.0733,21.95,20.4,24.2,80.5833,0.0,0,24,CLOUD
SZ,2026-03-22,1,NONE,1.0155,22.5667,20.4,25.8,80.7917,0.0,0,24,CLOUD
SZ,2026-03-23,0,NONE,0.9976,23.6708,20.3,28.0,79.875,0.0,0,24,CLEAR
SZ,2026-03-24,0,NONE,0.9382,24.1083,21.7,27.6,80.9167,0.8,8,24,CLEAR
SZ,2026-03-25,0,NONE,0.9221,24.8333,21.3,29.8,81.5,0.0,0,24,CLEAR
SZ,2026-03-26,0,NONE,0.9695,24.8208,23.0,27.1,82.3333,0.8,8,24,CLEAR
SZ,2026-03-27,0,NONE,0.9224,24.55,22.9,27.1,84.5417,1.6,10,24,RAIN
SZ,2026-03-28,1,NONE,0.9953,24.5958,22.9,27.0,84.0,0.9,6,24,CLOUD
SZ,2026-03-29,1,NONE,1.1779,24.2875,22.5,27.2,85.0,1.1,7,24,CLOUD
SZ,2026-03-30,0,NONE,1.0139,24.0125,22.9,25.8,85.5,0.0,0,24,CLOUD
SZ,2026-03-31,0,NONE,1.0374,24.8625,23.1,26.7,84.5417,1.4,4,24,CLOUD
SZ,2026-04-01,0,NONE,1.0067,23.7083,20.3,27.4,76.25,1.1,5,24,CLOUD
SZ,2026-04-02,0,NONE,0.8208,23.5125,22.8,24.4,86.2083,0.5,5,24,CLOUD
SZ,2026-04-03,0,NONE,0.8889,24.9875,23.6,26.6,86.2917,4.4,19,24,RAIN
SZ,2026-04-04,1,PUBLIC_HOLIDAY_QINGMING,0.8735,24.15,22.6,25.8,89.25,13.0,13,24,RAIN
SZ,2026-04-05,1,PUBLIC_HOLIDAY_QINGMING,0.8585,23.6542,22.5,24.8,91.7917,11.3,12,24,RAIN
SZ,2026-04-06,0,PUBLIC_HOLIDAY_QINGMING,0.86,25.675,24.2,27.6,88.2083,2.8,12,24,CLOUD
SZ,2026-04-07,0,LOCAL_EXPO,1.274,26.65,25.1,29.0,86.0417,0.5,5,24,CLOUD
SZ,2026-04-08,0,LOCAL_EXPO,1.5184,24.6583,22.9,25.9,86.9583,0.5,4,24,CLOUD
SZ,2026-04-09,0,LOCAL_EXPO,1.4573,25.5833,23.5,27.7,82.4583,0.0,0,24,CLOUD
SZ,2026-04-10,0,NONE,0.9278,26.3542,24.7,28.5,80.9583,0.0,0,24,CLEAR
SZ,2026-04-11,1,NONE,0.8972,26.475,25.1,27.9,82.9167,0.0,0,24,CLOUD
SZ,2026-04-12,1,NONE,0.8859,26.7083,25.4,28.3,81.125,0.1,1,24,CLEAR
SZ,2026-04-13,0,NONE,0.9592,26.7625,24.7,29.4,79.2083,0.0,0,24,CLOUD
SZ,2026-04-14,0,NONE,0.9529,26.7,24.4,29.1,82.875,1.0,10,24,CLEAR
SZ,2026-04-15,0,NONE,1.0345,26.9833,25.1,29.3,80.4167,0.3,3,24,CLOUD
SZ,2026-04-16,0,NONE,0.9723,26.6292,25.0,29.2,78.375,0.1,1,24,CLOUD
SZ,2026-04-17,0,NONE,0.9518,24.7333,23.0,26.9,81.1667,13.2,9,24,CLEAR
SZ,2026-04-18,1,NONE,1.0341,25.3,22.3,29.1,79.25,0.1,1,24,CLEAR
SZ,2026-04-19,1,NONE,0.9649,26.2708,22.7,30.1,77.5833,0.5,5,24,CLEAR
SZ,2026-04-20,0,NONE,0.9753,26.0583,23.4,29.1,81.0,5.5,5,24,CLOUD
SZ,2026-04-21,0,NONE,1.0247,26.2375,24.4,28.4,83.3333,9.4,17,24,RAIN
SZ,2026-04-22,0,NONE,1.0456,26.775,24.9,28.6,78.5417,0.0,0,24,CLOUD
SZ,2026-04-23,0,NONE,0.9298,24.6,20.4,26.6,86.625,5.8,19,24,RAIN
SZ,2026-04-24,0,NONE,0.9317,19.5,18.7,20.4,86.4583,29.4,19,24,RAIN
SZ,2026-04-25,1,NONE,0.991,22.675,19.1,26.5,79.2917,1.2,7,24,CLEAR
SZ,2026-04-26,1,NONE,0.9901,24.4292,20.9,28.9,77.5833,0.0,0,24,CLEAR
SZ,2026-04-27,0,NONE,1.0357,25.2667,22.6,28.6,77.5417,1.4,7,24,CLOUD
SZ,2026-04-28,0,NONE,1.0519,25.6875,24.1,28.4,84.4167,6.9,11,24,CLOUD
SZ,2026-04-29,0,NONE,0.9477,24.8042,20.6,28.1,86.125,20.0,19,24,RAIN
SZ,2026-04-30,0,NONE,0.9237,21.625,18.8,25.6,67.0,0.0,0,24,CLEAR
SZ,2026-05-01,0,PUBLIC_HOLIDAY_LABOUR_DAY,0.969,23.4917,20.6,26.6,74.0833,0.6,5,24,CLEAR
SZ,2026-05-02,1,PUBLIC_HOLIDAY_LABOUR_DAY,0.968,25.7042,23.7,28.3,81.2917,1.1,7,24,CLOUD
SZ,2026-05-03,1,PUBLIC_HOLIDAY_LABOUR_DAY,0.8447,24.9667,22.0,27.5,89.1667,10.6,13,24,RAIN
SZ,2026-05-04,0,PUBLIC_HOLIDAY_LABOUR_DAY,0.7877,23.2792,21.7,25.2,75.875,2.0,7,24,CLOUD
SZ,2026-05-05,0,PUBLIC_HOLIDAY_LABOUR_DAY,0.8924,21.6958,21.2,22.9,88.8333,19.7,22,24,RAIN
SZ,2026-05-06,0,NONE,1.0165,24.0375,21.6,26.3,82.9583,1.4,10,24,RAIN
SZ,2026-05-07,0,NONE,0.915,26.0542,23.5,29.2,82.3333,0.5,4,24,CLEAR
SZ,2026-05-08,0,NONE,0.8582,26.3208,24.0,29.7,85.1667,11.9,12,24,RAIN
SZ,2026-05-09,1,ADJUSTED_WORKDAY,0.8444,24.0625,23.4,25.1,86.2083,2.7,13,24,RAIN
SZ,2026-05-10,1,NONE,0.9069,24.5583,23.0,26.2,81.6667,0.0,0,24,CLOUD
SZ,2026-05-11,0,NONE,0.9032,25.8208,23.1,29.2,82.3333,0.1,1,24,CLOUD
SZ,2026-05-12,0,NONE,1.0254,27.0958,24.5,30.0,83.0,0.7,6,24,CLOUD
SZ,2026-05-13,0,NONE,1.0534,27.8167,25.3,30.8,81.8333,0.0,0,24,CLOUD
SZ,2026-05-14,0,NONE,1.2088,27.1208,25.4,29.2,88.4583,27.0,20,24,RAIN
SZ,2026-05-15,0,NONE,0.9752,26.4,25.1,28.2,90.2083,13.1,23,24,RAIN
SZ,2026-05-16,1,NONE,0.9863,25.225,24.5,26.3,87.9167,6.4,20,24,RAIN
SZ,2026-05-17,1,NONE,1.0826,25.3042,24.3,26.8,84.2083,1.9,10,24,CLOUD
SZ,2026-05-18,0,NONE,0.9824,26.4042,25.1,28.4,82.9583,1.3,12,24,RAIN
SZ,2026-05-19,0,NONE,0.9895,26.2458,25.4,27.6,88.7083,10.8,18,24,RAIN
SZ,2026-05-20,0,NONE,0.9595,27.2667,25.7,29.9,89.2917,14.0,24,24,RAIN
SZ,2026-05-21,0,NONE,1.037,26.9583,25.5,28.6,93.125,23.1,22,24,RAIN
SZ,2026-05-22,0,LOCAL_EXPO,1.5986,28.0542,26.0,30.4,87.7917,0.0,0,24,CLOUD
SZ,2026-05-23,1,LOCAL_EXPO,1.4759,28.4708,27.1,30.1,85.75,0.5,5,24,CLOUD
SZ,2026-05-24,1,LOCAL_EXPO,1.4889,29.3458,27.7,31.4,82.75,0.3,2,24,CLOUD
SZ,2026-05-25,0,NONE,1.0767,29.6708,28.2,31.9,81.375,0.0,0,24,CLOUD
SZ,2026-05-26,0,NONE,0.9608,29.9292,28.3,32.1,82.2917,0.5,4,24,CLOUD
SZ,2026-05-27,0,NONE,0.9622,30.3458,28.3,33.2,80.0,0.1,1,24,CLOUD
SZ,2026-05-28,0,NONE,0.9683,30.575,28.6,33.4,78.9167,0.4,4,24,CLEAR
SZ,2026-05-29,0,NONE,1.1,30.2917,27.2,35.1,78.5417,2.4,10,24,CLEAR
